date,keyword,trend,trend_ma,yoy_idx,z_score,month
2021-08-22,cosmetics,14,,,,2021-08
2021-08-29,cosmetics,14,14.0,,,2021-08
2021-09-05,cosmetics,15,14.333333333333334,,,2021-09
2021-09-12,cosmetics,15,14.5,,,2021-09
2021-09-19,cosmetics,14,14.5,,0.8164965809277254,2021-09
2021-09-26,cosmetics,14,14.5,,0.6859943405700439,2021-09
2021-10-03,cosmetics,15,14.5,,0.6030226891555365,2021-10
2021-10-10,cosmetics,16,14.75,,1.4580076006393223,2021-10
2021-10-17,cosmetics,14,14.75,,1.2122562507124142,2021-10
2021-10-24,cosmetics,13,14.5,,0.08787495503274369,2021-10
2021-10-31,cosmetics,12,13.75,,-2.2176667254751727,2021-10
2021-11-07,cosmetics,14,13.25,,-2.409478977353341,2021-11
2021-11-14,cosmetics,14,13.25,,-1.8938313979931012,2021-11
2021-11-21,cosmetics,18,14.5,,0.4758053022406976,2021-11
2021-11-28,cosmetics,16,15.5,,1.8593393604027373,2021-11
2021-12-05,cosmetics,14,15.5,,1.532838378934635,2021-12
2021-12-12,cosmetics,13,15.25,,1.028991510855053,2021-12
2021-12-19,cosmetics,13,14.0,,-0.6178215519319044,2021-12
2021-12-26,cosmetics,14,13.5,,-1.1114378604524227,2021-12
2022-01-02,cosmetics,11,12.75,,-1.6301125149141784,2022-01
2022-01-09,cosmetics,11,12.25,,-1.7061333737750133,2022-01
2022-01-16,cosmetics,10,11.5,,-1.8435296033970805,2022-01
2022-01-23,cosmetics,11,10.75,,-1.8637822325921862,2022-01
2022-01-30,cosmetics,12,11.0,,-1.4185375911829814,2022-01
2022-02-06,cosmetics,12,11.25,,-1.0975012942630598,2022-02
2022-02-13,cosmetics,10,11.25,,-0.9293620387006634,2022-02
2022-02-20,cosmetics,11,11.25,,-0.7915405573617036,2022-02
2022-02-27,cosmetics,10,10.75,,-0.9865041046673189,2022-02
2022-03-06,cosmetics,10,10.25,,-1.3052797460993524,2022-03
2022-03-13,cosmetics,10,10.25,,-1.2144506154701773,2022-03
2022-03-20,cosmetics,10,10.0,,-1.42722924621354,2022-03
2022-03-27,cosmetics,10,10.0,,-1.3471506281091223,2022-03
2022-04-03,cosmetics,9,9.75,,-1.6045149064768325,2022-04
2022-04-10,cosmetics,8,9.25,,-1.9420086550960611,2022-04
2022-04-17,cosmetics,10,9.25,,-1.554125234675725,2022-04
2022-04-24,cosmetics,11,9.5,,-1.0158806422802458,2022-04
2022-05-01,cosmetics,10,9.75,,-0.5389362312060032,2022-05
2022-05-08,cosmetics,9,10.0,,0.0,2022-05
2022-05-15,cosmetics,9,9.75,,-0.3015113445777621,2022-05
2022-05-22,cosmetics,10,9.5,,-0.8205527240271394,2022-05
2022-05-29,cosmetics,10,9.5,,-0.686802819743441,2022-05
2022-06-05,cosmetics,10,9.75,,0.32444284226152365,2022-06
2022-06-12,cosmetics,10,10.0,,1.2977713690460877,2022-06
2022-06-19,cosmetics,10,10.0,,1.2977713690460877,2022-06
2022-06-26,cosmetics,10,10.0,,1.147078669352797,2022-06
2022-07-03,cosmetics,10,10.0,,0.9999999999999876,2022-07
2022-07-10,cosmetics,11,10.25,,1.76776695296634,2022-07
2022-07-17,cosmetics,11,10.5,,2.1105794120443204,2022-07
2022-07-24,cosmetics,11,10.75,,2.1213203435596233,2022-07
2022-07-31,cosmetics,11,11.0,,2.0426487199475565,2022-07
2022-08-07,cosmetics,14,11.75,,2.3841582427170698,2022-08
2022-08-14,cosmetics,12,12.0,,2.0587350710762244,2022-08
2022-08-21,cosmetics,10,11.75,71.42857142857143,1.4398134360490216,2022-08
2022-08-28,cosmetics,10,11.5,71.42857142857143,0.9459053029269144,2022-08
2022-09-04,cosmetics,10,10.5,66.66666666666666,-0.464990554975276,2022-09
2022-09-11,cosmetics,10,10.0,66.66666666666666,-1.1624763874381887,2022-09
2022-09-18,cosmetics,10,10.0,71.42857142857143,-1.1624763874381887,2022-09
2022-09-25,cosmetics,9,9.75,64.28571428571429,-1.4282856857085644,2022-09
2022-10-02,cosmetics,10,9.75,66.66666666666666,-1.2971317611894582,2022-10
2022-10-09,cosmetics,10,9.75,62.5,-1.1485651897095186,2022-10
2022-10-16,cosmetics,9,9.5,64.28571428571429,-1.2292385586631864,2022-10
2022-10-23,cosmetics,10,9.75,76.92307692307693,-0.8164965809277241,2022-10
2022-10-30,cosmetics,9,9.5,75.0,-0.9309493362512603,2022-10
2022-11-06,cosmetics,10,9.5,71.42857142857143,-0.8252100701754808,2022-11
2022-11-13,cosmetics,10,9.75,71.42857142857143,-0.34641016151377335,2022-11
2022-11-20,cosmetics,14,10.75,77.77777777777779,2.3333333333333055,2022-11
2022-11-27,cosmetics,12,11.5,75.0,2.720294101747073,2022-11
2022-12-04,cosmetics,11,11.75,78.57142857142857,2.185190468430739,2022-12
2022-12-11,cosmetics,10,11.75,76.92307692307693,1.708484392354494,2022-12
2022-12-18,cosmetics,10,10.75,76.92307692307693,0.4767312946227943,2022-12
2022-12-25,cosmetics,12,10.75,85.71428571428571,0.3866945956182651,2022-12
2023-01-01,cosmetics,10,10.5,90.9090909090909,0.024852871573478968,2023-01
2023-01-08,cosmetics,10,10.5,90.9090909090909,-0.07963978098028457,2023-01
2023-01-15,cosmetics,10,10.5,100.0,-0.1674436716557837,2023-01
2023-01-22,cosmetics,9,9.75,81.81818181818183,-1.2480819319443015,2023-01
2023-01-29,cosmetics,11,10.0,91.66666666666666,-1.0378590151420195,2023-01
2023-02-05,cosmetics,11,10.25,91.66666666666666,-0.7775419143502301,2023-02
2023-02-12,cosmetics,9,10.0,90.0,-1.0285189544531543,2023-02
2023-02-19,cosmetics,7,9.5,63.63636363636363,-1.4941747352752504,2023-02
2023-02-26,cosmetics,7,8.5,70.0,-2.2750401454503892,2023-02
2023-03-05,cosmetics,7,7.5,70.0,-2.5314588726006604,2023-03
2023-03-12,cosmetics,7,7.0,70.0,-2.159890016729165,2023-03
2023-03-19,cosmetics,7,7.0,70.0,-1.7059248637377191,2023-03
2023-03-26,cosmetics,7,7.0,70.0,-1.4037670740603212,2023-03
2023-04-02,cosmetics,7,7.0,77.77777777777779,-1.1836599123443625,2023-04
2023-04-09,cosmetics,7,7.0,87.5,-1.0112048315092264,2023-04
2023-04-16,cosmetics,7,7.0,70.0,-0.8548993291671177,2023-04
2023-04-23,cosmetics,7,7.0,63.63636363636363,-0.717964163260806,2023-04
2023-04-30,cosmetics,6,6.75,60.0,-0.8073431887543676,2023-04
2023-05-07,cosmetics,6,6.5,66.66666666666666,-1.0019782413004767,2023-05
2023-05-14,cosmetics,6,6.25,66.66666666666666,-1.4974097718542787,2023-05
2023-05-21,cosmetics,6,6.0,60.0,-2.1566554640687343,2023-05
2023-05-28,cosmetics,6,6.0,60.0,-1.801996396010786,2023-05
2023-06-04,cosmetics,6,6.0,60.0,-1.4638501094227832,2023-06
2023-06-11,cosmetics,6,6.0,60.0,-1.2229371288986646,2023-06
2023-06-18,cosmetics,6,6.0,60.0,-1.0347929552219461,2023-06
2023-06-25,cosmetics,7,6.25,70.0,-0.35220822379863476,2023-06
2023-07-02,cosmetics,7,6.5,70.0,0.3894904188522542,2023-07
2023-07-09,cosmetics,6,6.5,54.54545454545454,0.5773502691896159,2023-07
2023-07-16,cosmetics,6,6.5,54.54545454545454,0.8835412617927264,2023-07
2023-07-23,cosmetics,6,6.25,54.54545454545454,0.09667364890456127,2023-07
2023-07-30,cosmetics,6,6.0,54.54545454545454,-0.9045340337332537,2023-07
2023-08-06,cosmetics,6,6.0,42.857142857142854,-0.7844645405527069,2023-08
2023-08-13,cosmetics,6,6.0,50.0,-0.7844645405527069,2023-08
2023-08-20,cosmetics,6,6.0,60.0,-0.7844645405527069,2023-08
2023-08-27,cosmetics,6,6.0,60.0,-0.7844645405527069,2023-08
2023-09-03,cosmetics,6,6.0,60.0,-0.7844645405527069,2023-09
2023-09-10,cosmetics,5,5.75,50.0,-1.6600377076559203,2023-09
2023-09-17,cosmetics,6,5.75,60.0,-1.3654728591342151,2023-09
2023-09-24,cosmetics,6,5.75,66.66666666666666,-1.1832159566198936,2023-09
2023-10-01,cosmetics,5,5.5,50.0,-1.8593393604026907,2023-10
2023-10-08,cosmetics,6,5.75,60.0,-0.7683498199278015,2023-10
2023-10-15,cosmetics,6,5.75,66.66666666666666,-0.6509445549040875,2023-10
2023-10-22,cosmetics,6,5.75,60.0,-0.5345224838248185,2023-10
2023-10-29,cosmetics,6,6.0,66.66666666666666,1.0690449676496425,2023-10
2023-11-05,cosmetics,6,6.0,60.0,1.0690449676496425,2023-11
2023-11-12,cosmetics,6,6.0,60.0,1.0690449676496425,2023-11
2023-11-19,cosmetics,10,7.0,71.42857142857143,3.0224386073392653,2023-11
2023-11-26,cosmetics,9,7.75,75.0,2.7136021011998595,2023-11
2023-12-03,cosmetics,7,8.0,63.63636363636363,2.160246899469279,2023-12
2023-12-10,cosmetics,7,8.25,70.0,1.8625367518440974,2023-12
2023-12-17,cosmetics,7,7.5,70.0,0.9178066356815756,2023-12
2023-12-24,cosmetics,8,7.25,66.66666666666666,0.5377328579378627,2023-12
2023-12-31,cosmetics,7,7.25,70.0,0.42285688716144354,2023-12
2024-01-07,cosmetics,6,7.0,60.0,0.02542464180904556,2024-01
2024-01-14,cosmetics,7,7.0,70.0,-0.11396057645963668,2024-01
2024-01-21,cosmetics,6,6.5,66.66666666666666,-0.9179850920431485,2024-01
2024-01-28,cosmetics,6,6.25,54.54545454545454,-1.3799356691821978,2024-01
2024-02-04,cosmetics,6,6.25,54.54545454545454,-1.4900280152528957,2024-02
2024-02-11,cosmetics,6,6.0,66.66666666666666,-1.5593763741505604,2024-02
2024-02-18,cosmetics,6,6.0,85.71428571428571,-1.2974173463359968,2024-02
2024-02-25,cosmetics,6,6.0,85.71428571428571,-1.1201839576568347,2024-02
2024-03-03,cosmetics,6,6.0,85.71428571428571,-1.0552897060221595,2024-03
2024-03-10,cosmetics,6,6.0,85.71428571428571,-0.9198662110077861,2024-03
2024-03-17,cosmetics,6,6.0,85.71428571428571,-0.7866661827506581,2024-03
2024-03-24,cosmetics,6,6.0,85.71428571428571,-0.6793662204867412,2024-03
2024-03-31,cosmetics,6,6.0,85.71428571428571,-0.5656854249492188,2024-03
2024-04-07,cosmetics,6,6.0,85.71428571428571,-0.5345224838247818,2024-04
2024-04-14,cosmetics,6,6.0,85.71428571428571,-0.44721359549981315,2024-04
2024-04-21,cosmetics,6,6.0,85.71428571428571,-0.3015113445775813,2024-04
2024-04-28,cosmetics,5,5.75,83.33333333333334,-3.3166247903535377,2024-04
2024-05-05,cosmetics,5,5.5,83.33333333333334,-2.9405881764584794,2024-05
2024-05-12,cosmetics,6,5.5,100.0,-2.085520939803973,2024-05
2024-05-19,cosmetics,5,5.25,83.33333333333334,-2.2710998958305963,2024-05
2024-05-26,cosmetics,6,5.5,100.0,-1.0932163332202107,2024-05
2024-06-02,cosmetics,6,5.75,100.0,-0.08032193289024628,2024-06
2024-06-09,cosmetics,5,5.5,83.33333333333334,-0.8835412617927249,2024-06
2024-06-16,cosmetics,5,5.5,83.33333333333334,-0.7423074889580703,2024-06
2024-06-23,cosmetics,5,5.25,71.42857142857143,-1.4411533842457536,2024-06
2024-06-30,cosmetics,5,5.0,71.42857142857143,-1.896244889472605,2024-06
2024-07-07,cosmetics,5,5.0,83.33333333333334,-1.6045149064768243,2024-07
2024-07-14,cosmetics,5,5.0,83.33333333333334,-1.441153384245775,2024-07
2024-07-21,cosmetics,5,5.0,83.33333333333334,-1.2371791482634797,2024-07
2024-07-28,cosmetics,6,5.25,100.0,-0.16903085094570414,2024-07
2024-08-04,cosmetics,5,5.25,83.33333333333334,-0.08737040566610248,2024-08
2024-08-11,cosmetics,5,5.25,83.33333333333334,-0.08737040566610248,2024-08
2024-08-18,cosmetics,5,5.25,83.33333333333334,0.0,2024-08
2024-08-25,cosmetics,5,5.0,83.33333333333334,-1.0392304845413385,2024-08
2024-09-01,cosmetics,5,5.0,83.33333333333334,-0.911322376865787,2024-09
2024-09-08,cosmetics,5,5.0,100.0,-0.8451542547285666,2024-09
2024-09-15,cosmetics,5,5.0,83.33333333333334,-0.7071067811865948,2024-09
2024-09-22,cosmetics,5,5.0,83.33333333333334,-0.7071067811865948,2024-09
2024-09-29,cosmetics,5,5.0,100.0,-0.7071067811865948,2024-09
2024-10-06,cosmetics,5,5.0,83.33333333333334,-0.7071067811865948,2024-10
2024-10-13,cosmetics,5,5.0,83.33333333333334,-0.7071067811865948,2024-10
2024-10-20,cosmetics,5,5.0,83.33333333333334,-0.5773502691896796,2024-10
2024-10-27,cosmetics,5,5.0,83.33333333333334,-0.44721359550002304,2024-10
2024-11-03,cosmetics,5,5.0,83.33333333333334,-0.3015113445778419,2024-11
2024-11-10,cosmetics,6,5.25,100.0,3.3166247903554016,2024-11
2024-11-17,cosmetics,6,5.5,60.0,2.9405881764588195,2024-11
2024-11-24,cosmetics,8,6.25,88.88888888888889,3.0224386073393004,2024-11
2024-12-01,cosmetics,7,6.75,100.0,2.566137611404327,2024-12
2024-12-08,cosmetics,6,6.75,85.71428571428571,1.9115418895324443,2024-12
2024-12-15,cosmetics,6,6.75,85.71428571428571,1.5354983754816487,2024-12
2024-12-22,cosmetics,6,6.25,75.0,0.7301527431922505,2024-12
2024-12-29,cosmetics,6,6.0,85.71428571428571,0.2921031189184929,2024-12
2025-01-05,cosmetics,5,5.75,83.33333333333334,-0.15482028055565875,2025-01
2025-01-12,cosmetics,5,5.5,71.42857142857143,-0.625392617742802,2025-01
2025-01-19,cosmetics,6,5.5,100.0,-0.7447932472385054,2025-01
2025-01-26,cosmetics,5,5.25,83.33333333333334,-1.2706396576782928,2025-01
2025-02-02,cosmetics,5,5.25,83.33333333333334,-1.2706396576782928,2025-02
2025-02-09,cosmetics,5,5.25,83.33333333333334,-1.1884659700082745,2025-02
2025-02-16,cosmetics,6,5.25,100.0,-1.0084288065100475,2025-02
2025-02-23,cosmetics,5,5.25,83.33333333333334,-0.8650040266112936,2025-02
2025-03-02,cosmetics,5,5.25,83.33333333333334,-0.749109503706696,2025-03
2025-03-09,cosmetics,5,5.25,83.33333333333334,-0.6943138434075871,2025-03
2025-03-16,cosmetics,5,5.0,83.33333333333334,-1.441153384245793,2025-03
2025-03-23,cosmetics,5,5.0,83.33333333333334,-1.4596008983995397,2025-03
2025-03-30,cosmetics,5,5.0,83.33333333333334,-1.4320780207890866,2025-03
2025-04-06,cosmetics,5,5.0,83.33333333333334,-1.2602520756252307,2025-04
2025-04-13,cosmetics,5,5.0,83.33333333333334,-1.1832159566199507,2025-04
2025-04-20,cosmetics,5,5.0,83.33333333333334,-1.0000000000000253,2025-04
2025-04-27,cosmetics,6,5.25,120.0,1.0000000000000253,2025-04
2025-05-04,cosmetics,6,5.5,120.0,2.2132114866740396,2025-05
2025-05-11,cosmetics,5,5.5,83.33333333333334,1.7888543819998477,2025-05
2025-05-18,cosmetics,6,5.75,120.0,2.197401062294155,2025-05
2025-05-25,cosmetics,7,6.0,116.66666666666667,2.209180410842316,2025-05
2025-06-01,cosmetics,7,6.25,116.66666666666667,2.1006874656079364,2025-06
2025-06-08,cosmetics,6,6.5,120.0,1.9823278154537005,2025-06
2025-06-15,cosmetics,6,6.5,120.0,1.5904124511289144,2025-06
2025-06-22,cosmetics,6,6.25,120.0,0.9716656205775168,2025-06
2025-06-29,cosmetics,6,6.0,120.0,0.40160966445124857,2025-06
2025-07-06,cosmetics,6,6.0,120.0,0.2705008904002294,2025-07
2025-07-13,cosmetics,7,6.25,140.0,0.6978765652235228,2025-07
2025-07-20,cosmetics,8,6.75,160.0,1.724886140631433,2025-07
2025-07-27,cosmetics,10,7.75,166.66666666666669,2.6610007244439653,2025-07
2025-08-03,cosmetics,7,8.0,140.0,2.2412621029128825,2025-08
2025-08-10,cosmetics,7,8.0,140.0,1.7643529058752911,2025-08
2025-08-17,cosmetics,6,7.5,120.0,0.9241848554584858,2025-08
2025-08-24,cosmetics,6,6.5,120.0,-0.45584230583855107,2025-08
2025-08-31,cosmetics,6,6.25,120.0,-0.7561512453751248,2025-08
2025-09-07,cosmetics,5,5.75,100.0,-1.2545000963743593,2025-09
2025-09-14,cosmetics,6,5.75,120.0,-1.1485651897095202,2025-09
2025-09-21,cosmetics,5,5.5,100.0,-1.3258384266690588,2025-09
2025-09-28,cosmetics,6,5.5,120.0,-1.2209822054445627,2025-09
2025-10-05,cosmetics,6,5.75,120.0,-0.8787495503274928,2025-10
2025-10-12,cosmetics,6,5.75,120.0,-0.7703288865196429,2025-10
2025-10-19,cosmetics,6,6.0,120.0,-0.3917633109014354,2025-10
2025-10-26,cosmetics,6,6.0,120.0,-0.2474358296526967,2025-10
2025-11-02,cosmetics,7,6.25,140.0,0.39405520311954956,2025-11
2025-11-09,cosmetics,7,6.5,116.66666666666667,1.6124515496597092,2025-11
2025-11-16,cosmetics,8,7.0,133.33333333333331,2.376354103144015,2025-11
2025-11-23,cosmetics,10,8.0,125.0,2.6653397296478833,2025-11
2025-11-30,cosmetics,10,8.75,142.85714285714286,2.3859635607530114,2025-11
2025-12-07,cosmetics,8,9.0,133.33333333333331,1.950852440016528,2025-12
2025-12-14,cosmetics,7,8.75,116.66666666666667,1.43046450863427,2025-12
2025-12-21,cosmetics,7,8.0,116.66666666666667,0.7011877275785808,2025-12
2025-12-28,cosmetics,7,7.25,116.66666666666667,-0.01822403841689636,2025-12
2026-01-04,cosmetics,6,6.75,120.0,-0.5684089581957715,2026-01
2026-01-11,cosmetics,7,6.75,140.0,-0.6655122646461614,2026-01
2026-01-18,cosmetics,7,6.75,116.66666666666667,-0.782037483795314,2026-01
2026-01-25,cosmetics,8,7.0,160.0,-0.6218743352054205,2026-01
2026-02-01,cosmetics,9,7.75,180.0,0.1281209212152846,2026-02
2026-02-08,cosmetics,8,8.0,160.0,0.34127906328274377,2026-02
2026-02-15,cosmetics,8,8.25,133.33333333333331,0.6221710168382528,2026-02
2026-02-22,cosmetics,8,8.25,160.0,0.7102658741205964,2026-02
2026-03-01,cosmetics,8,8.0,160.0,0.5636018619766315,2026-03
2026-03-08,cosmetics,7,7.75,140.0,0.3617873026462078,2026-03
2026-03-15,cosmetics,8,7.75,160.0,0.4068496968004176,2026-03
2026-03-22,cosmetics,9,8.0,180.0,0.7293249574894681,2026-03
2026-03-29,cosmetics,14,9.5,280.0,2.3353512234048,2026-03
2026-04-05,cosmetics,17,12.0,340.0,2.8778826572598515,2026-04
2026-04-12,cosmetics,17,14.25,340.0,2.6481393892753435,2026-04
2026-04-19,cosmetics,14,15.5,280.0,2.2390681445952496,2026-04
2026-04-26,cosmetics,11,14.75,183.33333333333331,1.5641040088773919,2026-04
2026-05-03,cosmetics,12,13.5,200.0,0.9630824271800185,2026-05
2026-05-10,cosmetics,14,12.75,280.0,0.594088525786004,2026-05
2026-05-17,cosmetics,13,12.5,216.66666666666666,0.40238277611916806,2026-05
2026-05-24,cosmetics,11,12.5,157.14285714285714,0.2884732669154628,2026-05
2026-05-31,cosmetics,10,12.0,142.85714285714286,-0.03490024063798898,2026-05
2026-06-07,cosmetics,13,11.75,216.66666666666666,-0.33189592545800767,2026-06
2026-06-14,cosmetics,12,11.5,200.0,-0.780936757362124,2026-06
2026-06-21,cosmetics,11,11.5,183.33333333333331,-1.076914299721973,2026-06
2026-06-28,cosmetics,9,11.25,150.0,-1.170304599708692,2026-06
2026-07-05,cosmetics,8,10.0,133.33333333333331,-1.678875660012184,2026-07
2026-07-12,cosmetics,6,8.5,85.71428571428571,-2.2069943483054217,2026-07
2026-07-19,cosmetics,7,7.5,87.5,-2.2220719198940397,2026-07
2026-07-26,cosmetics,6,6.75,60.0,-2.016716976592729,2026-07
2026-08-02,cosmetics,6,6.25,85.71428571428571,-1.7751655003111682,2026-08
2026-08-09,cosmetics,6,6.25,85.71428571428571,-1.4584414547946325,2026-08
2026-08-16,cosmetics,6,6.0,100.0,-1.3168320727423284,2026-08
2026-08-23,cosmetics,6,6.0,100.0,-1.1195127221521688,2026-08
2021-08-22,furniture,96,,,,2021-08
2021-08-29,furniture,97,96.5,,,2021-08
2021-09-05,furniture,100,97.66666666666667,,,2021-09
2021-09-12,furniture,86,94.75,,,2021-09
2021-09-19,furniture,84,91.75,,-1.5327772211849213,2021-09
2021-09-26,furniture,84,88.5,,-1.6018030432065489,2021-09
2021-10-03,furniture,84,84.5,,-1.6837860399540407,2021-10
2021-10-10,furniture,86,84.5,,-1.3151411217735915,2021-10
2021-10-17,furniture,82,84.0,,-1.1829235292485523,2021-10
2021-10-24,furniture,83,83.75,,-1.0730352962200254,2021-10
2021-10-31,furniture,87,84.5,,-0.8499403217051612,2021-10
2021-11-07,furniture,91,85.75,,-0.577468100371803,2021-11
2021-11-14,furniture,95,89.0,,0.047585083462580495,2021-11
2021-11-21,furniture,94,91.75,,0.752113909843079,2021-11
2021-11-28,furniture,85,91.25,,0.9326616199261709,2021-11
2021-12-05,furniture,74,87.0,,-0.06224387900448981,2021-12
2021-12-12,furniture,73,81.5,,-1.5844392576536284,2021-12
2021-12-19,furniture,66,74.5,,-2.4329149480630416,2021-12
2021-12-26,furniture,88,75.25,,-1.767132660116637,2021-12
2022-01-02,furniture,81,77.0,,-1.2170065558087275,2022-01
2022-01-09,furniture,86,80.25,,-0.5681921886042144,2022-01
2022-01-16,furniture,79,83.5,,0.011069959969436565,2022-01
2022-01-23,furniture,78,81.0,,-0.37819880957860574,2022-01
2022-01-30,furniture,82,81.25,,-0.2697512818863558,2022-01
2022-02-06,furniture,86,81.25,,-0.16439898730535585,2022-02
2022-02-13,furniture,86,83.0,,0.3574519706182015,2022-02
2022-02-20,furniture,94,87.0,,1.5625849230652844,2022-02
2022-02-27,furniture,90,89.0,,1.8991868730464136,2022-02
2022-03-06,furniture,84,88.5,,1.466852417234032,2022-03
2022-03-13,furniture,84,88.0,,1.184075447197976,2022-03
2022-03-20,furniture,86,86.0,,0.5948745938249689,2022-03
2022-03-27,furniture,79,83.25,,-0.3531617862006978,2022-03
2022-04-03,furniture,80,82.25,,-0.7784504078015914,2022-04
2022-04-10,furniture,74,79.75,,-1.3995299597636597,2022-04
2022-04-17,furniture,78,77.75,,-1.738171849763501,2022-04
2022-04-24,furniture,77,77.25,,-1.6041825483634908,2022-04
2022-05-01,furniture,80,77.25,,-1.4001053359610784,2022-05
2022-05-08,furniture,74,77.25,,-1.2010392695123657,2022-05
2022-05-15,furniture,78,77.25,,-1.0149746090612806,2022-05
2022-05-22,furniture,82,78.5,,-0.6154623067297526,2022-05
2022-05-29,furniture,84,79.5,,-0.23401818860044593,2022-05
2022-06-05,furniture,74,79.5,,-0.04614292604339743,2022-06
2022-06-12,furniture,74,78.5,,-0.26111648393351244,2022-06
2022-06-19,furniture,77,77.25,,-0.8492077756082436,2022-06
2022-06-26,furniture,84,77.25,,-0.8543576577162625,2022-06
2022-07-03,furniture,85,80.0,,1.8720158930993474,2022-07
2022-07-10,furniture,78,81.0,,2.049390153191263,2022-07
2022-07-17,furniture,77,81.0,,1.6304148021847527,2022-07
2022-07-24,furniture,79,79.75,,0.621283438831306,2022-07
2022-07-31,furniture,78,78.0,,-0.7291490186902727,2022-07
2022-08-07,furniture,82,79.0,,-0.08611734421234546,2022-08
2022-08-14,furniture,81,80.0,,0.6327791687902287,2022-08
2022-08-21,furniture,80,80.25,83.33333333333334,0.767092947859605,2022-08
2022-08-28,furniture,82,81.25,84.5360824742268,1.3306112564489418,2022-08
2022-09-04,furniture,77,80.0,77.0,0.3267320196064569,2022-09
2022-09-11,furniture,65,76.0,75.5813953488372,-2.2350948572774016,2022-09
2022-09-18,furniture,66,72.5,78.57142857142857,-2.709583436127247,2022-09
2022-09-25,furniture,65,68.25,77.38095238095238,-2.575584412189953,2022-09
2022-10-02,furniture,68,66.0,80.95238095238095,-2.1899056417198772,2022-10
2022-10-09,furniture,67,66.5,77.90697674418605,-1.6532657806578341,2022-10
2022-10-16,furniture,65,66.25,79.26829268292683,-1.392433985351102,2022-10
2022-10-23,furniture,68,67.0,81.92771084337349,-1.06893486718068,2022-10
2022-10-30,furniture,66,66.5,75.86206896551724,-0.9726725485917265,2022-10
2022-11-06,furniture,74,68.25,81.31868131868131,-0.5637766193190016,2022-11
2022-11-13,furniture,69,69.25,72.63157894736842,-0.2645536211607339,2022-11
2022-11-20,furniture,85,73.5,90.42553191489363,0.80873980163014,2022-11
2022-11-27,furniture,67,73.75,78.82352941176471,1.2706964160630774,2022-11
2022-12-04,furniture,57,69.5,77.02702702702703,0.20595091494847959,2022-12
2022-12-11,furniture,59,67.0,80.82191780821918,-0.5799639446437224,2022-12
2022-12-18,furniture,53,59.0,80.3030303030303,-2.3794595202595636,2022-12
2022-12-25,furniture,73,60.5,82.95454545454545,-1.6242284983081043,2022-12
2023-01-01,furniture,73,64.5,90.12345679012346,-0.6118553467357554,2023-01
2023-01-08,furniture,71,67.5,82.55813953488372,0.07412764701426365,2023-01
2023-01-15,furniture,72,72.25,91.13924050632912,1.0416682078367614,2023-01
2023-01-22,furniture,67,70.75,85.8974358974359,0.6150358887162616,2023-01
2023-01-29,furniture,68,69.5,82.92682926829268,0.31310152419058235,2023-01
2023-02-05,furniture,70,69.25,81.3953488372093,0.2578483140393033,2023-02
2023-02-12,furniture,65,67.5,75.5813953488372,-0.019748812638331815,2023-02
2023-02-19,furniture,77,70.0,81.91489361702128,0.7040670763640381,2023-02
2023-02-26,furniture,70,70.5,77.77777777777779,0.799725767140316,2023-02
2023-03-05,furniture,69,70.25,82.14285714285714,0.654441705777428,2023-03
2023-03-12,furniture,68,71.0,80.95238095238095,0.7571784575095619,2023-03
2023-03-19,furniture,70,69.25,81.3953488372093,-0.05317043235956368,2023-03
2023-03-26,furniture,67,68.5,84.81012658227847,-0.8792151454267715,2023-03
2023-04-02,furniture,67,68.0,83.75,-1.3416797384287158,2023-04
2023-04-09,furniture,68,68.0,91.8918918918919,-1.2272832054533076,2023-04
2023-04-16,furniture,70,68.0,89.74358974358975,-1.0448270954215242,2023-04
2023-04-23,furniture,67,68.0,87.01298701298701,-0.9001818543531132,2023-04
2023-04-30,furniture,66,67.75,82.5,-0.9681958277276064,2023-04
2023-05-07,furniture,66,67.25,89.1891891891892,-1.3432313511197458,2023-05
2023-05-14,furniture,68,66.75,87.17948717948718,-1.4386686351825102,2023-05
2023-05-21,furniture,72,68.0,87.8048780487805,-0.3408654427780547,2023-05
2023-05-28,furniture,74,70.0,88.09523809523809,1.43853667144728,2023-05
2023-06-04,furniture,65,69.75,87.83783783783784,1.6057760192612338,2023-06
2023-06-11,furniture,65,69.0,87.83783783783784,0.8320502943367493,2023-06
2023-06-18,furniture,68,68.0,88.31168831168831,-0.23137240669106218,2023-06
2023-06-25,furniture,73,67.75,86.90476190476191,-0.481899873574431,2023-06
2023-07-02,furniture,80,71.5,94.11764705882352,2.3512826516186074,2023-07
2023-07-09,furniture,67,72.0,85.8974358974359,1.9947662268656698,2023-07
2023-07-16,furniture,64,71.0,83.11688311688312,1.1507821230435402,2023-07
2023-07-23,furniture,67,69.5,84.81012658227847,0.1779724926632625,2023-07
2023-07-30,furniture,67,66.25,85.8974358974359,-1.6359164394806132,2023-07
2023-08-06,furniture,66,66.0,80.48780487804879,-1.6539839001990666,2023-08
2023-08-13,furniture,64,66.0,79.01234567901234,-1.4322287977187256,2023-08
2023-08-20,furniture,67,66.0,83.75,-1.1981340459826806,2023-08
2023-08-27,furniture,67,66.0,81.70731707317073,-1.0157987663693633,2023-08
2023-09-03,furniture,68,66.5,88.31168831168831,-0.6845985036961965,2023-09
2023-09-10,furniture,57,64.75,87.6923076923077,-1.2435933650195183,2023-09
2023-09-17,furniture,60,63.0,90.9090909090909,-1.582754710761236,2023-09
2023-09-24,furniture,59,61.0,90.76923076923077,-1.8494579475202177,2023-09
2023-10-01,furniture,56,58.0,82.35294117647058,-2.2128301190171658,2023-10
2023-10-08,furniture,59,58.5,88.05970149253731,-1.7373642737174895,2023-10
2023-10-15,furniture,57,57.75,87.6923076923077,-1.6431780448371442,2023-10
2023-10-22,furniture,57,57.25,83.82352941176471,-1.4599582259219495,2023-10
2023-10-29,furniture,58,57.75,87.87878787878788,-1.1139075246240324,2023-10
2023-11-05,furniture,66,59.5,89.1891891891892,-0.5191220960012346,2023-11
2023-11-12,furniture,68,62.25,98.55072463768117,0.3770064257886061,2023-11
2023-11-19,furniture,79,67.75,92.94117647058823,1.875907824584327,2023-11
2023-11-26,furniture,61,68.5,91.04477611940298,1.8886280318731399,2023-11
2023-12-03,furniture,55,65.75,96.49122807017544,1.1171821728728424,2023-12
2023-12-10,furniture,57,63.0,96.61016949152543,0.4082011785496928,2023-12
2023-12-17,furniture,51,56.0,96.22641509433963,-1.2020452167828537,2023-12
2023-12-24,furniture,69,58.0,94.52054794520548,-0.7212271300697122,2023-12
2023-12-31,furniture,67,61.0,91.78082191780823,-0.05092241159748577,2023-12
2024-01-07,furniture,58,61.25,81.69014084507043,-0.06318240236064909,2024-01
2024-01-14,furniture,58,63.0,80.55555555555556,0.27177382977522757,2024-01
2024-01-21,furniture,59,60.5,88.05970149253731,-0.4784616048188089,2024-01
2024-01-28,furniture,61,59.0,89.70588235294117,-0.8785099867957391,2024-01
2024-02-04,furniture,62,60.0,88.57142857142857,-0.5417086115261428,2024-02
2024-02-11,furniture,60,60.5,92.3076923076923,-0.2714483570152711,2024-02
2024-02-18,furniture,75,64.5,97.40259740259741,1.3201238740176613,2024-02
2024-02-25,furniture,70,66.75,100.0,2.023962984637016,2024-02
2024-03-03,furniture,62,66.75,89.85507246376811,1.6824812364118387,2024-03
2024-03-10,furniture,64,67.75,94.11764705882352,1.6977859490470442,2024-03
2024-03-17,furniture,63,64.75,90.0,0.611732462254658,2024-03
2024-03-24,furniture,61,62.5,91.04477611940298,-0.21285012794196786,2024-03
2024-03-31,furniture,60,62.0,89.55223880597015,-0.4159231377155306,2024-03
2024-04-07,furniture,61,61.25,89.70588235294117,-0.6202727395858252,2024-04
2024-04-14,furniture,62,61.0,88.57142857142857,-0.7310504846166144,2024-04
2024-04-21,furniture,64,61.75,95.52238805970148,-0.5966965845754826,2024-04
2024-04-28,furniture,61,62.0,92.42424242424242,-0.6012183950709282,2024-04
2024-05-05,furniture,63,62.5,95.45454545454545,-0.4931969619159285,2024-05
2024-05-12,furniture,61,62.25,89.70588235294117,-0.5176900323184068,2024-05
2024-05-19,furniture,68,63.25,94.44444444444444,0.05043819383333495,2024-05
2024-05-26,furniture,64,64.0,86.48648648648648,0.6064578116056558,2024-05
2024-06-02,furniture,64,64.25,98.46153846153847,1.4212390083022723,2024-06
2024-06-09,furniture,61,64.25,93.84615384615384,1.5546441486707137,2024-06
2024-06-16,furniture,62,62.75,91.17647058823529,0.13595437138116143,2024-06
2024-06-23,furniture,65,63.0,89.04109589041096,0.29445747114292636,2024-06
2024-06-30,furniture,74,65.5,92.5,2.015401607769061,2024-06
2024-07-07,furniture,64,66.25,95.52238805970148,2.0613343269094524,2024-07
2024-07-14,furniture,57,65.0,89.0625,0.9652341781308214,2024-07
2024-07-21,furniture,62,64.25,92.53731343283582,0.2634012215520631,2024-07
2024-07-28,furniture,64,61.75,95.52238805970148,-1.6643220995688288,2024-07
2024-08-04,furniture,63,61.5,95.45454545454545,-1.6882251314248329,2024-08
2024-08-11,furniture,62,62.75,96.875,-0.7324863908963372,2024-08
2024-08-18,furniture,63,63.0,94.02985074626866,-0.4885271508523902,2024-08
2024-08-25,furniture,65,63.25,97.01492537313433,-0.2527758779702891,2024-08
2024-09-01,furniture,66,64.0,97.05882352941177,0.2990743022770546,2024-09
2024-09-08,furniture,54,62.0,94.73684210526315,-1.0524589887930558,2024-09
2024-09-15,furniture,57,60.5,95.0,-1.6860516714054625,2024-09
2024-09-22,furniture,55,58.0,93.22033898305084,-2.248763520001698,2024-09
2024-09-29,furniture,54,55.0,96.42857142857143,-2.492602692330894,2024-09
2024-10-06,furniture,53,54.75,89.83050847457628,-1.9625279162557348,2024-10
2024-10-13,furniture,52,53.5,91.22807017543859,-1.8293536162984725,2024-10
2024-10-20,furniture,52,52.75,91.22807017543859,-1.615561391602913,2024-10
2024-10-27,furniture,53,52.5,91.37931034482759,-1.3764944032232125,2024-10
2024-11-03,furniture,68,56.25,103.03030303030303,-0.4069391211596299,2024-11
2024-11-10,furniture,62,58.75,91.17647058823529,0.2916838260282004,2024-11
2024-11-17,furniture,62,61.25,78.48101265822784,1.0242341235735686,2024-11
2024-11-24,furniture,72,66.0,118.0327868852459,2.0764645930396717,2024-11
2024-12-01,furniture,55,62.75,100.0,1.2350354505234251,2024-12
2024-12-08,furniture,49,59.5,85.96491228070175,0.4712066179607532,2024-12
2024-12-15,furniture,47,55.75,92.15686274509804,-0.4018340401768172,2024-12
2024-12-22,furniture,56,51.75,81.15942028985508,-1.237015317832136,2024-12
2024-12-29,furniture,67,54.75,100.0,-0.5465881636932695,2024-12
2025-01-05,furniture,55,56.25,94.82758620689656,-0.2617387674787009,2025-01
2025-01-12,furniture,57,58.75,98.27586206896551,0.22436343452094332,2025-01
2025-01-19,furniture,56,58.75,94.91525423728814,0.10263785777105401,2025-01
2025-01-26,furniture,51,54.75,83.60655737704919,-0.9336792045080506,2025-01
2025-02-02,furniture,56,55.0,90.32258064516128,-0.7632109738433293,2025-02
2025-02-09,furniture,56,54.75,93.33333333333333,-0.6959661629467419,2025-02
2025-02-16,furniture,61,56.0,81.33333333333333,-0.20203899313122883,2025-02
2025-02-23,furniture,58,57.75,82.85714285714286,0.7558105838719642,2025-02
2025-03-02,furniture,60,58.75,96.7741935483871,1.3124236531112996,2025-03
2025-03-09,furniture,61,60.0,95.3125,1.5515350631259954,2025-03
2025-03-16,furniture,57,59.0,90.47619047619048,1.0288134502791937,2025-03
2025-03-23,furniture,58,59.0,95.08196721311475,0.8725807701647239,2025-03
2025-03-30,furniture,57,58.25,95.0,0.37826231739955823,2025-03
2025-04-06,furniture,57,57.25,93.44262295081968,-0.10517148167223199,2025-04
2025-04-13,furniture,56,57.0,90.32258064516128,-0.16757156449206215,2025-04
2025-04-20,furniture,56,56.5,87.5,-0.5903194273685537,2025-04
2025-04-27,furniture,57,56.5,93.44262295081968,-0.7358916629922647,2025-04
2025-05-04,furniture,60,57.25,95.23809523809523,-0.4417347235968813,2025-05
2025-05-11,furniture,58,57.75,95.08196721311475,-0.15836151649265748,2025-05
2025-05-18,furniture,61,59.0,89.70588235294117,0.896744100507681,2025-05
2025-05-25,furniture,65,61.0,101.5625,2.0511271959883763,2025-05
2025-06-01,furniture,60,61.0,93.75,1.8146798982947239,2025-06
2025-06-08,furniture,59,61.25,96.72131147540983,1.6327931787054608,2025-06
2025-06-15,furniture,58,60.5,93.54838709677419,1.0628201572568745,2025-06
2025-06-22,furniture,60,59.25,92.3076923076923,0.31448545101636804,2025-06
2025-06-29,furniture,65,60.5,87.83783783783784,0.8581476730284685,2025-06
2025-07-06,furniture,67,62.5,104.6875,1.5937028213387598,2025-07
2025-07-13,furniture,66,64.5,115.78947368421053,2.0279886392516513,2025-07
2025-07-20,furniture,70,67.0,112.90322580645163,2.3010076296718225,2025-07
2025-07-27,furniture,66,67.25,103.125,1.88865928125978,2025-07
2025-08-03,furniture,62,66.0,98.4126984126984,1.2452417716543718,2025-08
2025-08-10,furniture,64,65.5,103.2258064516129,0.9081323931774536,2025-08
2025-08-17,furniture,63,63.75,100.0,0.18759161984418035,2025-08
2025-08-24,furniture,64,63.25,98.46153846153847,-0.07272504671153347,2025-08
2025-08-31,furniture,64,63.75,96.96969696969697,0.041790188314107406,2025-08
2025-09-07,furniture,52,60.75,96.29629629629629,-1.182203073606274,2025-09
2025-09-14,furniture,54,58.5,94.73684210526315,-1.974586837695984,2025-09
2025-09-21,furniture,56,56.5,101.81818181818181,-2.143965528924142,2025-09
2025-09-28,furniture,53,53.75,98.14814814814815,-2.1356756640351215,2025-09
2025-10-05,furniture,56,54.75,105.66037735849056,-1.5220513049995155,2025-10
2025-10-12,furniture,54,54.75,103.84615384615385,-1.2782641545866196,2025-10
2025-10-19,furniture,56,54.75,107.6923076923077,-1.0984469894179159,2025-10
2025-10-26,furniture,53,54.75,100.0,-0.9424201889485513,2025-10
2025-11-02,furniture,59,55.5,86.76470588235294,-0.6361946933404937,2025-11
2025-11-09,furniture,62,57.5,100.0,0.03757345746510081,2025-11
2025-11-16,furniture,61,58.75,98.38709677419355,0.610816213521124,2025-11
2025-11-23,furniture,71,63.25,98.61111111111111,2.2725402991135693,2025-11
2025-11-30,furniture,58,63.0,105.45454545454544,1.9019946704907738,2025-11
2025-12-07,furniture,52,60.5,106.12244897959184,0.9965576489926985,2025-12
2025-12-14,furniture,48,57.25,102.12765957446808,-0.03919309008347177,2025-12
2025-12-21,furniture,53,52.75,94.64285714285714,-1.3786427728225839,2025-12
2025-12-28,furniture,70,55.75,104.4776119402985,-0.5013615571684074,2025-12
2026-01-04,furniture,58,57.25,105.45454545454544,-0.10599978800061138,2026-01
2026-01-11,furniture,60,60.25,105.26315789473684,0.7126463093631372,2026-01
2026-01-18,furniture,57,61.25,101.78571428571428,0.8761370851092216,2026-01
2026-01-25,furniture,58,58.25,113.72549019607843,-0.19375384658521008,2026-01
2026-02-01,furniture,58,58.25,103.57142857142858,-0.2168454370597719,2026-02
2026-02-08,furniture,63,59.0,112.5,0.03614185033343083,2026-02
2026-02-15,furniture,70,62.25,114.75409836065573,1.2422177402248704,2026-02
2026-02-22,furniture,65,64.0,112.06896551724137,1.757774720164303,2026-02
2026-03-01,furniture,61,64.75,101.66666666666666,1.662252320890343,2026-03
2026-03-08,furniture,63,64.75,103.27868852459017,1.3655520221857944,2026-03
2026-03-15,furniture,63,63.0,110.5263157894737,0.7744141842428405,2026-03
2026-03-22,furniture,71,64.5,122.41379310344827,1.1346845641670056,2026-03
2026-03-29,furniture,80,69.25,140.35087719298244,2.172947065964218,2026-03
2026-04-05,furniture,90,76.0,157.89473684210526,2.5543235396376667,2026-04
2026-04-12,furniture,97,84.5,173.21428571428572,2.54672229700937,2026-04
2026-04-19,furniture,86,88.25,153.57142857142858,2.162349261785613,2026-04
2026-04-26,furniture,78,87.75,136.8421052631579,1.6798482708847728,2026-04
2026-05-03,furniture,78,84.75,130.0,1.1705608538992716,2026-05
2026-05-10,furniture,83,81.25,143.10344827586206,0.6919174134074108,2026-05
2026-05-17,furniture,85,81.0,139.34426229508196,0.5445423700820883,2026-05
2026-05-24,furniture,81,81.75,124.61538461538461,0.5008209454244525,2026-05
2026-05-31,furniture,72,80.25,120.0,0.21031403098093387,2026-05
2026-06-07,furniture,80,79.5,135.59322033898303,-0.058545293892918814,2026-06
2026-06-14,furniture,79,78.0,136.20689655172413,-0.6042348567396127,2026-06
2026-06-21,furniture,78,77.25,130.0,-1.1780548202802836,2026-06
2026-06-28,furniture,70,76.75,107.6923076923077,-1.359778827298219,2026-06
2026-07-05,furniture,67,73.5,100.0,-1.7419766814229563,2026-07
2026-07-12,furniture,63,69.5,95.45454545454545,-2.112119824998347,2026-07
2026-07-19,furniture,63,65.75,90.0,-2.237582863827849,2026-07
2026-07-26,furniture,62,63.75,93.93939393939394,-2.0070452670808163,2026-07
2026-08-02,furniture,62,62.5,100.0,-1.7358683361654366,2026-08
2026-08-09,furniture,61,62.0,95.3125,-1.4811539581267585,2026-08
2026-08-16,furniture,61,61.5,96.82539682539682,-1.311123556248019,2026-08
2026-08-23,furniture,66,62.5,103.125,-1.0009932132890136,2026-08
2021-08-22,groceries,5,,,,2021-08
2021-08-29,groceries,5,5.0,,,2021-08
2021-09-05,groceries,4,4.666666666666667,,,2021-09
2021-09-12,groceries,4,4.5,,,2021-09
2021-09-19,groceries,4,4.25,,-1.3000224919331835,2021-09
2021-09-26,groceries,4,4.0,,-1.4083645004180325,2021-09
2021-10-03,groceries,4,4.0,,-1.1145605409349268,2021-10
2021-10-10,groceries,3,3.75,,-1.3811586835529477,2021-10
2021-10-17,groceries,3,3.5,,-1.526645067227586,2021-10
2021-10-24,groceries,3,3.25,,-1.6039465006351343,2021-10
2021-10-31,groceries,3,3.0,,-1.6456506303959606,2021-10
2021-11-07,groceries,4,3.25,,-1.1001916925659807,2021-11
2021-11-14,groceries,4,3.5,,-0.6499336836196817,2021-11
2021-11-21,groceries,4,3.75,,-0.07002086932905291,2021-11
2021-11-28,groceries,3,3.75,,0.09950371902099871,2021-11
2021-12-05,groceries,3,3.5,,-0.36115755925730864,2021-12
2021-12-12,groceries,3,3.25,,-0.9615239476408272,2021-12
2021-12-19,groceries,4,3.25,,-0.8221786020271342,2021-12
2021-12-26,groceries,4,3.5,,0.2705008904002324,2021-12
2022-01-02,groceries,3,3.5,,0.3922322702763736,2022-01
2022-01-09,groceries,3,3.5,,0.3922322702763736,2022-01
2022-01-16,groceries,3,3.25,,-0.7844645405527451,2022-01
2022-01-23,groceries,3,3.0,,-1.9611613513818638,2022-01
2022-01-30,groceries,3,3.0,,-1.6600377076559893,2022-01
2022-02-06,groceries,3,3.0,,-1.36547285913426,2022-02
2022-02-13,groceries,3,3.0,,-1.1832159566199358,2022-02
2022-02-20,groceries,4,3.25,,0.0,2022-02
2022-02-27,groceries,3,3.25,,0.10976425998969343,2022-02
2022-03-06,groceries,3,3.25,,0.10976425998969343,2022-03
2022-03-13,groceries,3,3.25,,0.10976425998969343,2022-03
2022-03-20,groceries,3,3.0,,-1.0392304845413527,2022-03
2022-03-27,groceries,3,3.0,,-0.9113223768658,2022-03
2022-04-03,groceries,3,3.0,,-0.8451542547285702,2022-04
2022-04-10,groceries,3,3.0,,-0.7071067811866011,2022-04
2022-04-17,groceries,3,3.0,,-0.7071067811866011,2022-04
2022-04-24,groceries,3,3.0,,-0.7071067811866011,2022-04
2022-05-01,groceries,3,3.0,,-0.7071067811866011,2022-05
2022-05-08,groceries,4,3.25,,1.1832159566200011,2022-05
2022-05-15,groceries,3,3.25,,1.1832159566200011,2022-05
2022-05-22,groceries,3,3.25,,1.1832159566200011,2022-05
2022-05-29,groceries,3,3.25,,1.1832159566200011,2022-05
2022-06-05,groceries,4,3.25,,1.1832159566200011,2022-06
2022-06-12,groceries,3,3.25,,1.0000000000000606,2022-06
2022-06-19,groceries,4,3.5,,2.1380899352994724,2022-06
2022-06-26,groceries,3,3.5,,1.6977493752543757,2022-06
2022-07-03,groceries,4,3.5,,1.4142135623731278,2022-07
2022-07-10,groceries,3,3.5,,1.2126781251816923,2022-07
2022-07-17,groceries,3,3.25,,-0.4200840252084145,2022-07
2022-07-24,groceries,4,3.5,,1.1832159566199663,2022-07
2022-07-31,groceries,4,3.5,,1.0000000000000324,2022-07
2022-08-07,groceries,3,3.5,,0.8451542547285421,2022-08
2022-08-14,groceries,3,3.5,,0.7071067811865721,2022-08
2022-08-21,groceries,3,3.25,60.0,-1.4142135623731404,2022-08
2022-08-28,groceries,3,3.0,60.0,-2.473589308635701,2022-08
2022-09-04,groceries,3,3.0,75.0,-1.9639610121239588,2022-09
2022-09-11,groceries,3,3.0,75.0,-1.5689290811054928,2022-09
2022-09-18,groceries,3,3.0,75.0,-1.2998673672393786,2022-09
2022-09-25,groceries,3,3.0,75.0,-1.0954451150103468,2022-09
2022-10-02,groceries,3,3.0,75.0,-0.9284766908852736,2022-10
2022-10-09,groceries,3,3.0,100.0,-0.8115026712007007,2022-10
2022-10-16,groceries,3,3.0,100.0,-0.676715542331977,2022-10
2022-10-23,groceries,3,3.0,100.0,-0.5488212999484641,2022-10
2022-10-30,groceries,3,3.0,100.0,-0.42008402520842003,2022-10
2022-11-06,groceries,3,3.0,75.0,-0.30151134457782525,2022-11
2022-11-13,groceries,2,2.75,50.0,-3.3166247903553985,2022-11
2022-11-20,groceries,3,2.75,75.0,-2.236067977499793,2022-11
2022-11-27,groceries,3,2.75,100.0,-1.7320508075688794,2022-11
2022-12-04,groceries,2,2.5,66.66666666666666,-2.473589308635658,2022-12
2022-12-11,groceries,3,2.75,100.0,-0.774596669241485,2022-12
2022-12-18,groceries,3,2.75,75.0,-0.6509445549041202,2022-12
2022-12-25,groceries,3,2.75,75.0,-0.5345224838248515,2022-12
2023-01-01,groceries,3,3.0,100.0,1.0690449676497,2023-01
2023-01-08,groceries,3,3.0,100.0,1.0690449676497,2023-01
2023-01-15,groceries,3,3.0,100.0,1.0690449676497,2023-01
2023-01-22,groceries,3,3.0,100.0,1.0690449676497,2023-01
2023-01-29,groceries,3,3.0,100.0,1.0690449676497,2023-01
2023-02-05,groceries,3,3.0,100.0,0.9113223768657704,2023-02
2023-02-12,groceries,3,3.0,100.0,0.774596669241485,2023-02
2023-02-19,groceries,3,3.0,75.0,0.6509445549041194,2023-02
2023-02-26,groceries,2,2.75,66.66666666666666,-1.4142135623730963,2023-02
2023-03-05,groceries,3,2.75,100.0,-1.4142135623730963,2023-03
2023-03-12,groceries,3,2.75,100.0,-1.4142135623730963,2023-03
2023-03-19,groceries,3,2.75,100.0,-1.4142135623730963,2023-03
2023-03-26,groceries,2,2.75,66.66666666666666,-1.1832159566199276,2023-03
2023-04-02,groceries,3,2.75,100.0,-1.0000000000000038,2023-04
2023-04-09,groceries,2,2.5,66.66666666666666,-2.1380899352994036,2023-04
2023-04-16,groceries,2,2.25,66.66666666666666,-2.4168412226141665,2023-04
2023-04-23,groceries,3,2.5,100.0,-1.0634101379502332,2023-04
2023-04-30,groceries,3,2.5,100.0,-0.904534033733295,2023-04
2023-05-07,groceries,3,2.75,75.0,0.44721359549996154,2023-05
2023-05-14,groceries,2,2.75,66.66666666666666,0.6509445549041243,2023-05
2023-05-21,groceries,2,2.5,66.66666666666666,-0.7745966692414903,2023-05
2023-05-28,groceries,3,2.5,100.0,-0.6509445549041243,2023-05
2023-06-04,groceries,3,2.5,75.0,-0.5345224838248546,2023-06
2023-06-11,groceries,2,2.5,66.66666666666666,-0.42008402520840715,2023-06
2023-06-18,groceries,3,2.75,75.0,1.2602520756252216,2023-06
2023-06-25,groceries,3,2.75,100.0,1.2602520756252216,2023-06
2023-07-02,groceries,3,2.75,75.0,1.0690449676497065,2023-07
2023-07-09,groceries,3,3.0,100.0,2.213211486674025,2023-07
2023-07-16,groceries,3,3.0,100.0,1.7320508075688898,2023-07
2023-07-23,groceries,3,3.0,75.0,1.4269353798659845,2023-07
2023-07-30,groceries,3,3.0,75.0,1.2247448713915958,2023-07
2023-08-06,groceries,3,3.0,100.0,1.0634101379502345,2023-08
2023-08-13,groceries,2,2.75,66.66666666666666,-0.20851441405707524,2023-08
2023-08-20,groceries,3,2.75,100.0,-0.3464101615137779,2023-08
2023-08-27,groceries,3,2.75,100.0,-0.5345224838248546,2023-08
2023-09-03,groceries,3,2.75,100.0,-0.8451542547285272,2023-09
2023-09-10,groceries,3,3.0,100.0,1.0000000000000133,2023-09
2023-09-17,groceries,3,3.0,100.0,0.8451542547285265,2023-09
2023-09-24,groceries,2,2.75,66.66666666666666,-1.18321595661994,2023-09
2023-10-01,groceries,2,2.5,66.66666666666666,-2.2132114866740227,2023-10
2023-10-08,groceries,2,2.25,66.66666666666666,-2.4140393963016837,2023-10
2023-10-15,groceries,2,2.0,66.66666666666666,-2.3351295871277196,2023-10
2023-10-22,groceries,2,2.0,66.66666666666666,-1.8057877962865416,2023-10
2023-10-29,groceries,3,2.25,100.0,-0.9179850920431588,2023-10
2023-11-05,groceries,3,2.5,100.0,-0.12403473458920827,2023-11
2023-11-12,groceries,3,2.75,150.0,0.620173672946044,2023-11
2023-11-19,groceries,3,3.0,100.0,1.2310418016971556,2023-11
2023-11-26,groceries,2,2.75,66.66666666666666,0.5275893435844953,2023-11
2023-12-03,groceries,3,2.75,150.0,0.620173672946044,2023-12
2023-12-10,groceries,3,2.75,100.0,0.7300956427599704,2023-12
2023-12-17,groceries,2,2.5,66.66666666666666,0.0,2023-12
2023-12-24,groceries,3,2.75,100.0,0.7300956427599704,2023-12
2023-12-31,groceries,3,2.75,100.0,0.608163640559539,2023-12
2024-01-07,groceries,3,2.75,100.0,0.4803844614152637,2024-01
2024-01-14,groceries,3,3.0,100.0,1.4596008983995374,2024-01
2024-01-21,groceries,3,3.0,100.0,1.4320780207890882,2024-01
2024-01-28,groceries,3,3.0,100.0,1.2602520756252387,2024-01
2024-02-04,groceries,2,2.75,66.66666666666666,-0.42008402520841287,2024-02
2024-02-11,groceries,3,2.75,100.0,-0.3015113445777704,2024-02
2024-02-18,groceries,2,2.5,66.66666666666666,-1.6924558427507426,2024-02
2024-02-25,groceries,3,2.5,150.0,-1.4142135623731156,2024-02
2024-03-03,groceries,3,2.75,100.0,0.0,2024-03
2024-03-10,groceries,3,2.75,100.0,-0.1301889109808272,2024-03
2024-03-17,groceries,3,3.0,100.0,1.212678125181686,2024-03
2024-03-24,groceries,2,2.75,100.0,-0.2425356250363362,2024-03
2024-03-31,groceries,3,2.75,100.0,-0.2425356250363362,2024-03
2024-04-07,groceries,2,2.5,100.0,-1.4142135623731156,2024-04
2024-04-14,groceries,3,2.5,150.0,-1.2126781251816827,2024-04
2024-04-21,groceries,2,2.5,66.66666666666666,-1.069044967649713,2024-04
2024-04-28,groceries,2,2.25,66.66666666666666,-1.9639610121239484,2024-04
2024-05-05,groceries,2,2.25,66.66666666666666,-1.568929081105482,2024-05
2024-05-12,groceries,2,2.0,100.0,-2.0302589045518835,2024-05
2024-05-19,groceries,2,2.0,100.0,-1.6329931618554543,2024-05
2024-05-26,groceries,3,2.25,100.0,-0.686802819743446,2024-05
2024-06-02,groceries,2,2.25,66.66666666666666,-0.5656854249492373,2024-06
2024-06-09,groceries,2,2.25,100.0,-0.4368520283305172,2024-06
2024-06-16,groceries,2,2.25,66.66666666666666,-0.3015113445777619,2024-06
2024-06-23,groceries,3,2.25,100.0,-0.13018891098082308,2024-06
2024-06-30,groceries,3,2.5,100.0,1.432078020789043,2024-06
2024-07-07,groceries,3,2.75,100.0,2.293658554627807,2024-07
2024-07-14,groceries,2,2.75,66.66666666666666,1.8935062328016,2024-07
2024-07-21,groceries,2,2.5,66.66666666666666,0.7071067811865447,2024-07
2024-07-28,groceries,3,2.5,100.0,0.6115928396627259,2024-07
2024-08-04,groceries,2,2.25,66.66666666666666,-0.577350269189625,2024-08
2024-08-11,groceries,3,2.5,150.0,0.4472135954999591,2024-08
2024-08-18,groceries,3,2.75,100.0,1.4596008983995263,2024-08
2024-08-25,groceries,3,2.75,100.0,1.2247448713915943,2024-08
2024-09-01,groceries,3,3.0,100.0,1.8935062328016183,2024-09
2024-09-08,groceries,3,3.0,100.0,1.5666989036012917,2024-09
2024-09-15,groceries,3,3.0,100.0,1.3525044520011615,2024-09
2024-09-22,groceries,3,3.0,150.0,1.1358152736593616,2024-09
2024-09-29,groceries,3,3.0,150.0,1.0000000000000098,2024-09
2024-10-06,groceries,3,3.0,150.0,0.8835412617927564,2024-10
2024-10-13,groceries,3,3.0,150.0,0.7423074889580982,2024-10
2024-10-20,groceries,3,3.0,150.0,0.611592839662735,2024-10
2024-10-27,groceries,2,2.75,66.66666666666666,-0.9113223768657958,2024-10
2024-11-03,groceries,3,2.75,100.0,-1.414213562373176,2024-11
2024-11-10,groceries,3,2.75,100.0,-1.414213562373176,2024-11
2024-11-17,groceries,3,2.75,100.0,-1.414213562373176,2024-11
2024-11-24,groceries,3,3.0,150.0,0.7071067811865899,2024-11
2024-12-01,groceries,2,2.75,66.66666666666666,-1.1832159566199847,2024-12
2024-12-08,groceries,3,2.75,100.0,-1.0000000000000477,2024-12
2024-12-15,groceries,3,2.75,150.0,-0.8451542547285553,2024-12
2024-12-22,groceries,3,2.75,100.0,-0.7071067811865842,2024-12
2024-12-29,groceries,3,3.0,100.0,1.4142135623731646,2024-12
2025-01-05,groceries,3,3.0,100.0,1.4142135623731646,2025-01
2025-01-12,groceries,3,3.0,100.0,1.4142135623731646,2025-01
2025-01-19,groceries,3,3.0,100.0,1.1832159566199802,2025-01
2025-01-26,groceries,3,3.0,100.0,1.0000000000000477,2025-01
2025-02-02,groceries,3,3.0,150.0,0.8451542547285584,2025-02
2025-02-09,groceries,3,3.0,100.0,0.7071067811865895,2025-02
2025-02-16,groceries,3,3.0,150.0,0.7071067811865895,2025-02
2025-02-23,groceries,3,3.0,100.0,0.5773502691896665,2025-02
2025-03-02,groceries,3,3.0,100.0,0.4472135954999998,2025-03
2025-03-09,groceries,3,3.0,100.0,0.30151134457782036,2025-03
2025-03-16,groceries,3,3.0,100.0,,2025-03
2025-03-23,groceries,2,2.75,100.0,-3.3166247903553985,2025-03
2025-03-30,groceries,4,3.0,133.33333333333331,0.30151134457776585,2025-03
2025-04-06,groceries,3,3.0,150.0,0.30151134457776585,2025-04
2025-04-13,groceries,3,3.0,100.0,0.30151134457776585,2025-04
2025-04-20,groceries,3,3.25,150.0,2.449489742783178,2025-04
2025-04-27,groceries,3,3.0,150.0,0.0,2025-04
2025-05-04,groceries,2,2.75,100.0,-1.8593393604027355,2025-05
2025-05-11,groceries,3,2.75,150.0,-1.5075567228888196,2025-05
2025-05-18,groceries,3,2.75,150.0,-1.2602520756252096,2025-05
2025-05-25,groceries,3,2.75,100.0,-1.0690449676496976,2025-05
2025-06-01,groceries,3,3.0,150.0,0.5345224838248502,2025-06
2025-06-08,groceries,3,3.0,150.0,0.5345224838248502,2025-06
2025-06-15,groceries,3,3.0,150.0,0.42008402520840316,2025-06
2025-06-22,groceries,3,3.0,100.0,0.42008402520840316,2025-06
2025-06-29,groceries,3,3.0,100.0,0.42008402520840316,2025-06
2025-07-06,groceries,3,3.0,100.0,0.42008402520840316,2025-07
2025-07-13,groceries,3,3.0,150.0,0.7071067811865499,2025-07
2025-07-20,groceries,3,3.0,150.0,0.7071067811865499,2025-07
2025-07-27,groceries,4,3.25,133.33333333333331,2.1105794120443457,2025-07
2025-08-03,groceries,3,3.25,150.0,1.732050807568878,2025-08
2025-08-10,groceries,3,3.25,100.0,1.5075567228888203,2025-08
2025-08-17,groceries,3,3.25,100.0,1.414213562373096,2025-08
2025-08-24,groceries,3,3.0,100.0,-0.7071067811865499,2025-08
2025-08-31,groceries,3,3.0,100.0,-0.7071067811865499,2025-08
2025-09-07,groceries,3,3.0,100.0,-0.7071067811865499,2025-09
2025-09-14,groceries,3,3.0,100.0,-0.7071067811865499,2025-09
2025-09-21,groceries,3,3.0,100.0,-0.7071067811865499,2025-09
2025-09-28,groceries,3,3.0,100.0,-0.7071067811865499,2025-09
2025-10-05,groceries,3,3.0,100.0,-0.7071067811865499,2025-10
2025-10-12,groceries,3,3.0,100.0,-0.7071067811865499,2025-10
2025-10-19,groceries,3,3.0,100.0,-0.5773502691896267,2025-10
2025-10-26,groceries,4,3.25,200.0,1.73205080756888,2025-10
2025-11-02,groceries,4,3.5,133.33333333333331,2.672612419124245,2025-11
2025-11-09,groceries,4,3.75,133.33333333333331,2.6111648393354683,2025-11
2025-11-16,groceries,3,3.75,100.0,1.933510159906469,2025-11
2025-11-23,groceries,3,3.5,100.0,0.912421128246676,2025-11
2025-11-30,groceries,3,3.25,150.0,0.0,2025-11
2025-12-07,groceries,3,3.0,100.0,-0.8660254037844388,2025-12
2025-12-14,groceries,3,3.0,100.0,-0.8660254037844388,2025-12
2025-12-21,groceries,3,3.0,100.0,-0.8660254037844388,2025-12
2025-12-28,groceries,4,3.25,133.33333333333331,-0.07474350927519413,2025-12
2026-01-04,groceries,4,3.5,133.33333333333331,0.6882472016116855,2026-01
2026-01-11,groceries,4,3.75,133.33333333333331,1.341640786499874,2026-01
2026-01-18,groceries,4,4.0,133.33333333333331,1.7320508075688776,2026-01
2026-01-25,groceries,4,4.0,133.33333333333331,1.445787329915601,2026-01
2026-02-01,groceries,4,4.0,133.33333333333331,1.3093073414159542,2026-02
2026-02-08,groceries,3,3.75,100.0,0.6546536707079771,2026-02
2026-02-15,groceries,4,3.75,133.33333333333331,0.5905109398045205,2026-02
2026-02-22,groceries,4,3.75,133.33333333333331,0.4888129019342116,2026-02
2026-03-01,groceries,4,3.75,133.33333333333331,0.36115755925730764,2026-03
2026-03-08,groceries,3,3.75,100.0,0.21483446221182986,2026-03
2026-03-15,groceries,3,3.5,100.0,-1.0634101379502292,2026-03
2026-03-22,groceries,3,3.25,150.0,-2.223493924805026,2026-03
2026-03-29,groceries,4,3.25,100.0,-1.859339360402737,2026-03
2026-04-05,groceries,4,3.5,133.33333333333331,-0.7423074889580902,2026-04
2026-04-12,groceries,4,3.75,133.33333333333331,0.3535533905932744,2026-04
2026-04-19,groceries,4,4.0,133.33333333333331,1.4142135623730956,2026-04
2026-04-26,groceries,4,4.0,133.33333333333331,1.4142135623730956,2026-04
2026-05-03,groceries,4,4.0,200.0,1.2371791482634837,2026-05
2026-05-10,groceries,4,4.0,133.33333333333331,1.093216333220242,2026-05
2026-05-17,groceries,4,4.0,133.33333333333331,0.9716656205775173,2026-05
2026-05-24,groceries,4,4.0,133.33333333333331,0.8660254037844387,2026-05
2026-05-31,groceries,4,4.0,133.33333333333331,0.7720486469779555,2026-05
2026-06-07,groceries,4,4.0,133.33333333333331,0.6445033866354897,2026-06
2026-06-14,groceries,4,4.0,133.33333333333331,0.5222329678670936,2026-06
2026-06-21,groceries,4,4.0,133.33333333333331,0.42008402520840304,2026-06
2026-06-28,groceries,4,4.0,133.33333333333331,0.3015113445777658,2026-06
2026-07-05,groceries,4,4.0,133.33333333333331,,2026-07
2026-07-12,groceries,5,4.25,166.66666666666669,3.3166247903554016,2026-07
2026-07-19,groceries,4,4.25,133.33333333333331,2.2360679774997836,2026-07
2026-07-26,groceries,4,4.25,100.0,1.732050807568875,2026-07
2026-08-02,groceries,4,4.25,133.33333333333331,1.4142135623730965,2026-08
2026-08-09,groceries,4,4.0,133.33333333333331,-0.7071067811865446,2026-08
2026-08-16,groceries,4,4.0,133.33333333333331,-0.7071067811865446,2026-08
2026-08-23,groceries,4,4.0,133.33333333333331,-0.7071067811865446,2026-08
2021-08-22,laptops,6,,,,2021-08
2021-08-29,laptops,6,6.0,,,2021-08
2021-09-05,laptops,5,5.666666666666667,,,2021-09
2021-09-12,laptops,5,5.5,,,2021-09
2021-09-19,laptops,5,5.25,,-1.3000224919331835,2021-09
2021-09-26,laptops,5,5.0,,-1.4083645004180325,2021-09
2021-10-03,laptops,5,5.0,,-1.1145605409349268,2021-10
2021-10-10,laptops,5,5.0,,-0.9509474618867307,2021-10
2021-10-17,laptops,6,5.25,,-0.24433888871260953,2021-10
2021-10-24,laptops,5,5.25,,-0.22960463117211483,2021-10
2021-10-31,laptops,6,5.5,,0.5098031071534915,2021-10
2021-11-07,laptops,6,5.75,,1.1653461606785098,2021-11
2021-11-14,laptops,6,5.75,,1.057499225099117,2021-11
2021-11-21,laptops,9,6.75,,2.7224177983920366,2021-11
2021-11-28,laptops,8,7.25,,2.418493260944375,2021-11
2021-12-05,laptops,5,7.0,,1.6285496348111326,2021-12
2021-12-12,laptops,6,7.0,,1.3416407864998725,2021-12
2021-12-19,laptops,5,6.0,,0.05234239225902167,2021-12
2021-12-26,laptops,5,5.25,,-0.9425098795749809,2021-12
2022-01-02,laptops,5,5.25,,-0.9999999999999983,2022-01
2022-01-09,laptops,5,5.0,,-1.2656561240006885,2022-01
2022-01-16,laptops,5,5.0,,-1.2038750219574894,2022-01
2022-01-23,laptops,5,5.0,,-1.1027603556575873,2022-01
2022-01-30,laptops,5,5.0,,-0.9831823323078946,2022-01
2022-02-06,laptops,5,5.0,,-0.8792151454272201,2022-02
2022-02-13,laptops,5,5.0,,-0.738304537755788,2022-02
2022-02-20,laptops,5,5.0,,-0.6178215519319035,2022-02
2022-02-27,laptops,5,5.0,,-0.498729349915369,2022-02
2022-03-06,laptops,5,5.0,,-0.4472135954999642,2022-03
2022-03-13,laptops,5,5.0,,-0.4472135955000259,2022-03
2022-03-20,laptops,5,5.0,,-0.301511344577842,2022-03
2022-03-27,laptops,5,5.0,,,2022-03
2022-04-03,laptops,5,5.0,,,2022-04
2022-04-10,laptops,4,4.75,,-3.3166247903554016,2022-04
2022-04-17,laptops,5,4.75,,-2.2360679774997836,2022-04
2022-04-24,laptops,4,4.5,,-2.6726124191242433,2022-04
2022-05-01,laptops,4,4.25,,-2.5337417643170097,2022-05
2022-05-08,laptops,4,4.25,,-1.8962448894726294,2022-05
2022-05-15,laptops,4,4.0,,-2.0175288189295486,2022-05
2022-05-22,laptops,5,4.25,,-1.0987983707358544,2022-05
2022-05-29,laptops,4,4.25,,-0.9299811099505523,2022-05
2022-06-05,laptops,5,4.5,,-0.12403473458920915,2022-06
2022-06-12,laptops,4,4.5,,0.0,2022-06
2022-06-19,laptops,5,4.5,,0.15617376188860677,2022-06
2022-06-26,laptops,4,4.5,,0.3922322702763652,2022-06
2022-07-03,laptops,5,4.5,,0.5488212999484506,2022-07
2022-07-10,laptops,5,4.75,,1.8659924198247284,2022-07
2022-07-17,laptops,5,4.75,,1.5689290811054648,2022-07
2022-07-24,laptops,5,5.0,,2.0080483222562417,2022-07
2022-07-31,laptops,5,5.0,,1.6045149064768365,2022-07
2022-08-07,laptops,6,5.25,,2.035400978396427,2022-08
2022-08-14,laptops,7,5.75,,2.440118418760474,2022-08
2022-08-21,laptops,6,6.0,100.0,2.1974010622941402,2022-08
2022-08-28,laptops,5,6.0,83.33333333333334,1.7191007133294502,2022-08
2022-09-04,laptops,4,5.5,80.0,0.6882472016116845,2022-09
2022-09-11,laptops,4,4.75,80.0,-0.7539920006259161,2022-09
2022-09-18,laptops,4,4.25,80.0,-1.5784566588059386,2022-09
2022-09-25,laptops,4,4.0,80.0,-1.7609421998443486,2022-09
2022-10-02,laptops,4,4.0,80.0,-1.500078098560435,2022-10
2022-10-09,laptops,4,4.0,80.0,-1.3042103473846074,2022-10
2022-10-16,laptops,4,4.0,66.66666666666666,-1.1208970766356097,2022-10
2022-10-23,laptops,4,4.0,80.0,-0.9708546475844329,2022-10
2022-10-30,laptops,4,4.0,66.66666666666666,-0.8283721253590285,2022-10
2022-11-06,laptops,5,4.25,83.33333333333334,-0.40510959697097654,2022-11
2022-11-13,laptops,5,4.5,83.33333333333334,0.09790129997472577,2022-11
2022-11-20,laptops,7,5.25,77.77777777777779,1.7320508075688819,2022-11
2022-11-27,laptops,6,5.75,75.0,2.44457659694496,2022-11
2022-12-04,laptops,4,5.5,80.0,1.6593082789999325,2022-12
2022-12-11,laptops,5,5.5,83.33333333333334,1.3674085322912197,2022-12
2022-12-18,laptops,4,4.75,80.0,0.18786728732554492,2022-12
2022-12-25,laptops,5,4.5,100.0,-0.26037782196164827,2022-12
2023-01-01,laptops,4,4.5,80.0,-0.3409971697352363,2023-01
2023-01-08,laptops,4,4.25,80.0,-0.8116523742266738,2023-01
2023-01-15,laptops,4,4.25,80.0,-0.8798826901281198,2023-01
2023-01-22,laptops,4,4.0,80.0,-1.3198240351921797,2023-01
2023-01-29,laptops,4,4.0,80.0,-1.2351231781710252,2023-01
2023-02-05,laptops,4,4.0,80.0,-1.1055415967851332,2023-02
2023-02-12,laptops,4,4.0,80.0,-0.9354143466934848,2023-02
2023-02-19,laptops,4,4.0,80.0,-0.8230548917531013,2023-02
2023-02-26,laptops,4,4.0,80.0,-0.7191949522280757,2023-02
2023-03-05,laptops,4,4.0,80.0,-0.7423074889580891,2023-03
2023-03-12,laptops,4,4.0,80.0,-0.6546536707079753,2023-03
2023-03-19,laptops,4,4.0,80.0,-0.5345224838248446,2023-03
2023-03-26,laptops,4,4.0,80.0,-0.44721359549995676,2023-03
2023-04-02,laptops,4,4.0,80.0,-0.3015113445777545,2023-04
2023-04-09,laptops,4,4.0,100.0,,2023-04
2023-04-16,laptops,4,4.0,80.0,,2023-04
2023-04-23,laptops,4,4.0,100.0,,2023-04
2023-04-30,laptops,4,4.0,100.0,,2023-04
2023-05-07,laptops,3,3.75,75.0,-3.3166247903553985,2023-05
2023-05-14,laptops,4,3.75,100.0,-2.236067977499793,2023-05
2023-05-21,laptops,4,3.75,80.0,-1.7320508075688794,2023-05
2023-05-28,laptops,4,3.75,100.0,-1.4142135623730963,2023-05
2023-06-04,laptops,4,4.0,80.0,0.70710678118655,2023-06
2023-06-11,laptops,4,4.0,100.0,0.70710678118655,2023-06
2023-06-18,laptops,4,4.0,80.0,0.70710678118655,2023-06
2023-06-25,laptops,4,4.0,100.0,0.70710678118655,2023-06
2023-07-02,laptops,4,4.0,80.0,0.70710678118655,2023-07
2023-07-09,laptops,5,4.25,100.0,2.1004201260420157,2023-07
2023-07-16,laptops,5,4.5,100.0,2.416841222614158,2023-07
2023-07-23,laptops,6,5.0,120.0,2.637946717922469,2023-07
2023-07-30,laptops,5,5.25,100.0,2.264989517590068,2023-07
2023-08-06,laptops,6,5.5,100.0,2.0421098809705227,2023-08
2023-08-13,laptops,5,5.5,71.42857142857143,1.6342414976144195,2023-08
2023-08-20,laptops,6,5.5,100.0,1.3640965851694236,2023-08
2023-08-27,laptops,5,5.5,100.0,1.1476380835140076,2023-08
2023-09-03,laptops,5,5.25,125.0,0.6336854786668153,2023-09
2023-09-10,laptops,4,5.0,100.0,0.10976425998969022,2023-09
2023-09-17,laptops,4,4.5,100.0,-0.9304804031721445,2023-09
2023-09-24,laptops,4,4.25,100.0,-1.5666989036012782,2023-09
2023-10-01,laptops,4,4.0,100.0,-1.9014164760474253,2023-10
2023-10-08,laptops,4,4.0,100.0,-1.6464638998453531,2023-10
2023-10-15,laptops,4,4.0,100.0,-1.3674265592283925,2023-10
2023-10-22,laptops,4,4.0,100.0,-1.1476380835140076,2023-10
2023-10-29,laptops,4,4.0,100.0,-0.9743547036924454,2023-10
2023-11-05,laptops,4,4.0,80.0,-0.8280786712108241,2023-11
2023-11-12,laptops,5,4.25,100.0,-0.27778652654638974,2023-11
2023-11-19,laptops,7,5.0,100.0,1.4345089214865137,2023-11
2023-11-26,laptops,5,5.25,83.33333333333334,1.9898026975458094,2023-11
2023-12-03,laptops,4,5.25,100.0,1.8073922282301247,2023-12
2023-12-10,laptops,4,5.0,80.0,1.1355499479153355,2023-12
2023-12-17,laptops,4,4.25,100.0,-0.32444284226152514,2023-12
2023-12-24,laptops,4,4.0,80.0,-0.8111071056538119,2023-12
2023-12-31,laptops,4,4.0,100.0,-0.8111071056538119,2023-12
2024-01-07,laptops,4,4.0,100.0,-0.8111071056538119,2024-01
2024-01-14,laptops,4,4.0,100.0,-0.8111071056538119,2024-01
2024-01-21,laptops,4,4.0,100.0,-0.8111071056538119,2024-01
2024-01-28,laptops,4,4.0,100.0,-0.8111071056538119,2024-01
2024-02-04,laptops,4,4.0,100.0,-0.7539920006259161,2024-02
2024-02-11,laptops,4,4.0,100.0,-0.6233787261925363,2024-02
2024-02-18,laptops,4,4.0,100.0,-0.49751859510499313,2024-02
2024-02-25,laptops,4,4.0,100.0,-0.373717546375968,2024-02
2024-03-03,laptops,4,4.0,100.0,-0.3015113445777478,2024-03
2024-03-10,laptops,4,4.0,100.0,,2024-03
2024-03-17,laptops,4,4.0,100.0,,2024-03
2024-03-24,laptops,4,4.0,100.0,,2024-03
2024-03-31,laptops,3,3.75,75.0,-3.3166247903553985,2024-03
2024-04-07,laptops,3,3.5,75.0,-2.9405881764588213,2024-04
2024-04-14,laptops,4,3.5,100.0,-2.0855209398041183,2024-04
2024-04-21,laptops,4,3.5,100.0,-1.6434520313776282,2024-04
2024-04-28,laptops,4,3.75,100.0,-0.392232270276369,2024-04
2024-05-05,laptops,4,4.0,133.33333333333331,0.7844645405527358,2024-05
2024-05-12,laptops,4,4.0,100.0,0.7844645405527358,2024-05
2024-05-19,laptops,4,4.0,100.0,0.7844645405527358,2024-05
2024-05-26,laptops,4,4.0,100.0,0.7844645405527358,2024-05
2024-06-02,laptops,4,4.0,100.0,0.7844645405527358,2024-06
2024-06-09,laptops,4,4.0,100.0,0.7844645405527358,2024-06
2024-06-16,laptops,4,4.0,100.0,0.7844645405527358,2024-06
2024-06-23,laptops,4,4.0,100.0,0.6767155423319653,2024-06
2024-06-30,laptops,4,4.0,100.0,0.5488212999484507,2024-06
2024-07-07,laptops,4,4.0,80.0,0.4200840252084025,2024-07
2024-07-14,laptops,5,4.25,100.0,2.4494897427831708,2024-07
2024-07-21,laptops,6,4.75,100.0,3.1378581622109425,2024-07
2024-07-28,laptops,7,5.5,140.0,2.916234691989151,2024-07
2024-08-04,laptops,9,6.75,150.0,2.807653373621955,2024-08
2024-08-11,laptops,8,7.5,160.0,2.376895602504662,2024-08
2024-08-18,laptops,8,8.0,133.33333333333331,2.0294598472493277,2024-08
2024-08-25,laptops,7,8.0,140.0,1.612265827333391,2024-08
2024-09-01,laptops,8,7.75,160.0,1.2177907071004381,2024-09
2024-09-08,laptops,7,7.5,175.0,0.9045340337332907,2024-09
2024-09-15,laptops,4,6.5,100.0,0.1885019759149965,2024-09
2024-09-22,laptops,4,5.75,100.0,-0.4289358911158834,2024-09
2024-09-29,laptops,4,4.75,100.0,-1.2661778756658366,2024-09
2024-10-06,laptops,4,4.0,100.0,-1.7721693441314421,2024-10
2024-10-13,laptops,4,4.0,100.0,-1.619281809505472,2024-10
2024-10-20,laptops,4,4.0,100.0,-1.4089567099810787,2024-10
2024-10-27,laptops,4,4.0,100.0,-1.1857412197542654,2024-10
2024-11-03,laptops,4,4.0,100.0,-1.0022941071672957,2024-11
2024-11-10,laptops,5,4.25,100.0,-0.7167580288225629,2024-11
2024-11-17,laptops,5,4.5,71.42857142857143,-0.42679753259478387,2024-11
2024-11-24,laptops,7,5.25,140.0,0.33752637027780635,2024-11
2024-12-01,laptops,6,5.75,150.0,1.217790707100432,2024-12
2024-12-08,laptops,5,5.75,125.0,1.4961318778859227,2024-12
2024-12-15,laptops,5,5.75,125.0,1.4961318778859227,2024-12
2024-12-22,laptops,5,5.25,125.0,0.7301527431922454,2024-12
2024-12-29,laptops,4,4.75,100.0,-0.029323117635390507,2024-12
2025-01-05,laptops,5,4.75,125.0,-0.12403473458920716,2025-01
2025-01-12,laptops,5,4.75,125.0,-0.2334630710877723,2025-01
2025-01-19,laptops,5,4.75,125.0,-0.36760731104690025,2025-01
2025-01-26,laptops,5,5.0,125.0,-0.08543576577167585,2025-01
2025-02-02,laptops,5,5.0,125.0,-0.24426598437301356,2025-02
2025-02-09,laptops,4,4.75,100.0,-0.9332565252573707,2025-02
2025-02-16,laptops,5,4.75,125.0,-0.8081220356417571,2025-02
2025-02-23,laptops,4,4.5,100.0,-1.2347046923185223,2025-02
2025-03-02,laptops,5,4.5,125.0,-1.1338934190276495,2025-03
2025-03-09,laptops,4,4.5,100.0,-1.256757435759265,2025-03
2025-03-16,laptops,4,4.25,100.0,-2.110579412044153,2025-03
2025-03-23,laptops,4,4.25,100.0,-1.6600377076558506,2025-03
2025-03-30,laptops,5,4.25,166.66666666666669,-1.3654728591341614,2025-03
2025-04-06,laptops,5,4.5,166.66666666666669,-0.32444284226150216,2025-04
2025-04-13,laptops,4,4.5,100.0,-0.24743582965267918,2025-04
2025-04-20,laptops,4,4.5,100.0,-0.09667364890455508,2025-04
2025-04-27,laptops,4,4.25,100.0,-1.2126781251814525,2025-04
2025-05-04,laptops,5,4.25,125.0,-1.0690449676494638,2025-05
2025-05-11,laptops,4,4.25,100.0,-0.9999999999996414,2025-05
2025-05-18,laptops,4,4.25,100.0,-0.8451542547281999,2025-05
2025-05-25,laptops,4,4.25,100.0,-0.7071067811862461,2025-05
2025-06-01,laptops,4,4.0,100.0,-2.110579412043668,2025-06
2025-06-08,laptops,5,4.25,125.0,-0.3015113445776687,2025-06
2025-06-15,laptops,5,4.5,125.0,1.260252075624867,2025-06
2025-06-22,laptops,5,4.75,125.0,2.0855209398037857,2025-06
2025-06-29,laptops,5,5.0,125.0,2.3293360538170615,2025-06
2025-07-06,laptops,6,5.25,150.0,2.2548851505682324,2025-07
2025-07-13,laptops,6,5.5,120.0,2.108406543164842,2025-07
2025-07-20,laptops,7,6.0,116.66666666666667,2.201398157116009,2025-07
2025-07-27,laptops,9,7.0,128.57142857142858,2.4339619175561715,2025-07
2025-08-03,laptops,6,7.0,66.66666666666666,1.8497562737123585,2025-08
2025-08-10,laptops,6,7.0,75.0,1.5011106998930286,2025-08
2025-08-17,laptops,6,6.75,75.0,1.0737509843863215,2025-08
2025-08-24,laptops,6,6.0,85.71428571428571,0.25537695922762566,2025-08
2025-08-31,laptops,5,5.75,62.5,-0.14383899044561618,2025-08
2025-09-07,laptops,5,5.5,71.42857142857143,-0.5905109398045258,2025-09
2025-09-14,laptops,5,5.25,125.0,-1.0392304845413378,2025-09
2025-09-21,laptops,5,5.0,125.0,-1.385640646055117,2025-09
2025-09-28,laptops,5,5.0,125.0,-1.3121531572297858,2025-09
2025-10-05,laptops,5,5.0,125.0,-1.1945967147042829,2025-10
2025-10-12,laptops,5,5.0,125.0,-1.0344172736942951,2025-10
2025-10-19,laptops,4,4.75,100.0,-1.1468292773139175,2025-10
2025-10-26,laptops,5,4.75,125.0,-1.0057637364916407,2025-10
2025-11-02,laptops,5,4.75,125.0,-0.9262116498428272,2025-11
2025-11-09,laptops,6,5.0,120.0,-0.3757796889665111,2025-11
2025-11-16,laptops,6,5.5,120.0,1.2610742920399343,2025-11
2025-11-23,laptops,9,6.5,128.57142857142858,2.8284271247461836,2025-11
2025-11-30,laptops,8,7.25,133.33333333333331,2.604520956292102,2025-11
2025-12-07,laptops,7,7.5,140.0,2.0889318714683793,2025-12
2025-12-14,laptops,7,7.75,140.0,1.796604382448348,2025-12
2025-12-21,laptops,6,7.0,120.0,0.9582661142573642,2025-12
2025-12-28,laptops,6,6.5,150.0,0.4242560488246167,2025-12
2026-01-04,laptops,6,6.25,120.0,0.11496024978590279,2026-01
2026-01-11,laptops,7,6.25,140.0,0.0,2026-01
2026-01-18,laptops,8,6.75,160.0,0.3690124832115579,2026-01
2026-01-25,laptops,8,7.25,160.0,0.807572853087263,2026-01
2026-02-01,laptops,9,8.0,180.0,1.6341143382058103,2026-02
2026-02-08,laptops,10,8.75,250.0,2.1910750139142783,2026-02
2026-02-15,laptops,11,9.5,220.00000000000003,2.2172380517917865,2026-02
2026-02-22,laptops,9,9.75,225.0,1.869639509253996,2026-02
2026-03-01,laptops,7,9.25,140.0,1.2163272811190902,2026-03
2026-03-08,laptops,6,8.25,150.0,0.3693438528301955,2026-03
2026-03-15,laptops,7,7.25,175.0,-0.45749571099782,2026-03
2026-03-22,laptops,6,6.5,150.0,-1.0674899923282466,2026-03
2026-03-29,laptops,6,6.25,120.0,-1.2708214194383889,2026-03
2026-04-05,laptops,7,6.5,140.0,-1.1067431421857343,2026-04
2026-04-12,laptops,8,6.75,200.0,-0.8992288030259091,2026-04
2026-04-19,laptops,7,7.0,175.0,-0.6677651460187771,2026-04
2026-04-26,laptops,7,7.25,175.0,-0.40824829046386824,2026-04
2026-05-03,laptops,7,7.25,140.0,-0.31448545101657954,2026-05
2026-05-10,laptops,7,7.0,175.0,-0.3940552031195565,2026-05
2026-05-17,laptops,7,7.0,175.0,-0.23692415692170118,2026-05
2026-05-24,laptops,7,7.0,175.0,0.0,2026-05
2026-05-31,laptops,8,7.25,200.0,1.0160010160016524,2026-05
2026-06-07,laptops,9,7.75,180.0,2.0139959720122667,2026-06
2026-06-14,laptops,9,8.25,180.0,2.2700929443858704,2026-06
2026-06-21,laptops,10,9.0,200.0,2.509823220552726,2026-06
2026-06-28,laptops,7,8.75,140.0,1.7124845112724767,2026-06
2026-07-05,laptops,10,9.0,166.66666666666669,1.649963515778333,2026-07
2026-07-12,laptops,14,10.25,233.33333333333334,2.231003689205515,2026-07
2026-07-19,laptops,11,10.5,157.14285714285714,1.8698670748740258,2026-07
2026-07-26,laptops,11,11.5,122.22222222222223,1.989167881127154,2026-07
2026-08-02,laptops,10,11.5,166.66666666666669,1.606210414071949,2026-08
2026-08-09,laptops,7,9.75,116.66666666666667,0.37082363850033834,2026-08
2026-08-16,laptops,7,8.75,116.66666666666667,-0.46020152593448804,2026-08
2026-08-23,laptops,6,7.5,100.0,-1.463850109422824,2026-08
2021-08-22,sneakers,21,,,,2021-08
2021-08-29,sneakers,20,20.5,,,2021-08
2021-09-05,sneakers,20,20.333333333333332,,,2021-09
2021-09-12,sneakers,20,20.25,,,2021-09
2021-09-19,sneakers,20,20.0,,-1.5011106998930261,2021-09
2021-09-26,sneakers,20,20.0,,-1.1147408034263038,2021-09
2021-10-03,sneakers,20,20.0,,-0.9262116498428201,2021-10
2021-10-10,sneakers,20,20.0,,-0.8093446482741045,2021-10
2021-10-17,sneakers,20,20.0,,-0.7278602642426223,2021-10
2021-10-24,sneakers,19,19.75,,-1.6071772982233794,2021-10
2021-10-31,sneakers,19,19.5,,-1.980750273888569,2021-10
2021-11-07,sneakers,21,19.75,,-0.956324715787126,2021-11
2021-11-14,sneakers,21,20.0,,-0.02692885370215013,2021-11
2021-11-21,sneakers,27,22.0,,3.1063515452466652,2021-11
2021-11-28,sneakers,25,23.5,,2.7944596208631367,2021-11
2021-12-05,sneakers,23,24.0,,2.2107093225234857,2021-12
2021-12-12,sneakers,22,24.25,,1.8118248528579513,2021-12
2021-12-19,sneakers,22,23.0,,0.9358691261204579,2021-12
2021-12-26,sneakers,23,22.5,,0.5489290922099603,2021-12
2022-01-02,sneakers,20,21.75,,0.04833682445228244,2022-01
2022-01-09,sneakers,20,21.25,,-0.31439701769936756,2022-01
2022-01-16,sneakers,18,20.25,,-0.9699447276579666,2022-01
2022-01-23,sneakers,18,19.0,,-1.6538655863654768,2022-01
2022-01-30,sneakers,19,18.75,,-1.6369915103671568,2022-01
2022-02-06,sneakers,20,18.75,,-1.474780146888235,2022-02
2022-02-13,sneakers,22,19.75,,-0.8311186213174424,2022-02
2022-02-20,sneakers,22,20.75,,-0.22162110358896853,2022-02
2022-02-27,sneakers,23,21.75,,0.45588771825892377,2022-02
2022-03-06,sneakers,23,22.5,,1.1396057645963786,2022-03
2022-03-13,sneakers,24,23.0,,1.481487493975292,2022-03
2022-03-20,sneakers,26,24.0,,1.8417673409678765,2022-03
2022-03-27,sneakers,22,23.75,,1.4456996207251784,2022-03
2022-04-03,sneakers,23,23.75,,1.2354415362426838,2022-04
2022-04-10,sneakers,23,23.5,,0.9424613526642268,2022-04
2022-04-17,sneakers,24,23.0,,0.5653073757216833,2022-04
2022-04-24,sneakers,23,23.25,,0.5717311547547415,2022-04
2022-05-01,sneakers,22,23.0,,0.26816060926159463,2022-05
2022-05-08,sneakers,23,23.0,,0.07112680171657007,2022-05
2022-05-15,sneakers,21,22.25,,-1.2893002295691949,2022-05
2022-05-22,sneakers,21,21.75,,-2.0827157554579303,2022-05
2022-05-29,sneakers,20,21.25,,-2.146038082619861,2022-05
2022-06-05,sneakers,22,21.0,,-1.8625367518440965,2022-06
2022-06-12,sneakers,21,21.0,,-1.5350186552432878,2022-06
2022-06-19,sneakers,21,21.0,,-1.2916454797649457,2022-06
2022-06-26,sneakers,19,20.75,,-1.311646341373101,2022-06
2022-07-03,sneakers,20,20.25,,-1.5194078903533828,2022-07
2022-07-10,sneakers,21,20.25,,-1.2788089328643995,2022-07
2022-07-17,sneakers,21,20.25,,-1.1217599690471838,2022-07
2022-07-24,sneakers,21,20.75,,-0.4647580015448874,2022-07
2022-07-31,sneakers,23,21.5,,0.8401680504167973,2022-07
2022-08-07,sneakers,23,22.0,,1.84283466538925,2022-08
2022-08-14,sneakers,24,22.75,,2.359000952984786,2022-08
2022-08-21,sneakers,23,23.25,109.52380952380953,2.154491871525539,2022-08
2022-08-28,sneakers,22,23.0,110.00000000000001,1.5233344823791881,2022-08
2022-09-04,sneakers,22,22.75,110.00000000000001,1.090657250944668,2022-09
2022-09-11,sneakers,21,22.0,105.0,0.34041126351250417,2022-09
2022-09-18,sneakers,22,21.75,110.00000000000001,0.03895446935658197,2022-09
2022-09-25,sneakers,21,21.5,105.0,-0.3190045575443338,2022-09
2022-10-02,sneakers,20,21.0,100.0,-0.9738516810963487,2022-10
2022-10-09,sneakers,21,21.0,105.0,-1.165396453298252,2022-10
2022-10-16,sneakers,21,20.75,105.0,-1.4761688408444524,2022-10
2022-10-23,sneakers,20,20.5,105.26315789473684,-1.517383378080924,2022-10
2022-10-30,sneakers,23,21.25,121.05263157894737,-0.5977406368332123,2022-10
2022-11-06,sneakers,24,22.0,114.28571428571428,0.313914437470589,2022-11
2022-11-13,sneakers,24,22.75,114.28571428571428,1.3315427649795204,2022-11
2022-11-20,sneakers,29,25.0,107.40740740740742,2.6781301783083626,2022-11
2022-11-27,sneakers,26,25.75,104.0,2.2988536738943486,2022-11
2022-12-04,sneakers,26,26.25,113.04347826086956,1.9396857312536657,2022-12
2022-12-11,sneakers,29,27.5,131.8181818181818,1.9164132015107984,2022-12
2022-12-18,sneakers,35,29.0,159.0909090909091,1.9025769732570217,2022-12
2022-12-25,sneakers,34,31.0,147.82608695652172,1.9444193916845351,2022-12
2023-01-01,sneakers,20,29.5,100.0,1.256241727314039,2023-01
2023-01-08,sneakers,20,27.25,100.0,0.4891576358429845,2023-01
2023-01-15,sneakers,20,23.5,111.11111111111111,-0.8044712339384152,2023-01
2023-01-22,sneakers,20,20.0,111.11111111111111,-1.8354733751536616,2023-01
2023-01-29,sneakers,21,20.25,110.5263157894737,-1.6054164476115336,2023-01
2023-02-05,sneakers,21,20.5,105.0,-1.3875723044468606,2023-02
2023-02-12,sneakers,21,20.75,95.45454545454545,-1.144505545592943,2023-02
2023-02-19,sneakers,22,21.25,100.0,-0.8826840678126741,2023-02
2023-02-26,sneakers,23,21.75,100.0,-0.6522192863981815,2023-02
2023-03-05,sneakers,22,22.0,95.65217391304348,-0.4835844158057497,2023-03
2023-03-12,sneakers,22,22.25,91.66666666666666,-0.2992263755771862,2023-03
2023-03-19,sneakers,23,22.5,88.46153846153845,-0.044856130401625637,2023-03
2023-03-26,sneakers,24,22.75,109.09090909090908,0.3668705402807887,2023-03
2023-04-02,sneakers,23,23.0,100.0,1.170853840630778,2023-04
2023-04-09,sneakers,24,23.5,104.34782608695652,1.6240875853910788,2023-04
2023-04-16,sneakers,24,23.75,100.0,1.5632576205094568,2023-04
2023-04-23,sneakers,23,23.5,100.0,1.167496039231285,2023-04
2023-04-30,sneakers,24,23.75,109.09090909090908,1.2465159479959744,2023-04
2023-05-07,sneakers,23,23.5,100.0,0.8755445444618151,2023-05
2023-05-14,sneakers,23,23.25,109.52380952380953,0.43664800308625507,2023-05
2023-05-21,sneakers,24,23.5,114.28571428571428,0.691480798984469,2023-05
2023-05-28,sneakers,22,23.0,110.00000000000001,-0.3997040325158709,2023-05
2023-06-04,sneakers,22,22.75,100.0,-1.1941005027975817,2023-06
2023-06-11,sneakers,22,22.5,104.76190476190477,-1.817109460778927,2023-06
2023-06-18,sneakers,21,21.75,100.0,-2.4780845168751826,2023-06
2023-06-25,sneakers,21,21.5,110.5263157894737,-2.0977357932539364,2023-06
2023-07-02,sneakers,21,21.25,105.0,-1.8498110573426674,2023-07
2023-07-09,sneakers,20,20.75,95.23809523809523,-1.8693808701131676,2023-07
2023-07-16,sneakers,21,20.75,100.0,-1.5162298910752718,2023-07
2023-07-23,sneakers,22,21.0,104.76190476190477,-1.094095212938692,2023-07
2023-07-30,sneakers,22,21.25,95.65217391304348,-0.7135239376062763,2023-07
2023-08-06,sneakers,22,21.75,95.65217391304348,-0.07112680171657045,2023-08
2023-08-13,sneakers,23,22.25,95.83333333333334,0.7371623702608685,2023-08
2023-08-20,sneakers,23,22.5,100.0,1.2403473458920873,2023-08
2023-08-27,sneakers,22,22.5,100.0,1.332320981395137,2023-08
2023-09-03,sneakers,21,22.25,95.45454545454545,1.0136060675992342,2023-09
2023-09-10,sneakers,21,21.75,100.0,0.20272121351984684,2023-09
2023-09-17,sneakers,21,21.25,95.45454545454545,-0.5669817440703145,2023-09
2023-09-24,sneakers,21,21.0,100.0,-0.9113223768657701,2023-09
2023-10-01,sneakers,21,21.0,105.0,-0.9803789354850867,2023-10
2023-10-08,sneakers,20,20.75,95.23809523809523,-1.386052977754777,2023-10
2023-10-15,sneakers,20,20.5,95.23809523809523,-1.585258174008542,2023-10
2023-10-22,sneakers,20,20.25,100.0,-1.6171972118261966,2023-10
2023-10-29,sneakers,18,19.5,78.26086956521739,-1.9288136072699136,2023-10
2023-11-05,sneakers,20,19.5,83.33333333333334,-1.5614837397298942,2023-11
2023-11-12,sneakers,21,19.75,87.5,-1.1293678311839865,2023-11
2023-11-19,sneakers,27,21.5,93.10344827586206,0.8846517369293908,2023-11
2023-11-26,sneakers,24,23.0,92.3076923076923,2.2452510468485594,2023-11
2023-12-03,sneakers,22,23.5,84.61538461538461,2.1059538732671714,2023-12
2023-12-10,sneakers,22,23.75,75.86206896551724,1.8018384005292019,2023-12
2023-12-17,sneakers,21,22.25,60.0,0.669314689605239,2023-12
2023-12-24,sneakers,22,21.75,64.70588235294117,0.2842102114016036,2023-12
2023-12-31,sneakers,20,21.25,100.0,-0.0858545710548215,2023-12
2024-01-07,sneakers,19,20.5,95.0,-0.6009819973837506,2024-01
2024-01-14,sneakers,18,19.75,90.0,-1.0596516344130058,2024-01
2024-01-21,sneakers,18,18.75,90.0,-1.5927948146056876,2024-01
2024-01-28,sneakers,19,18.5,90.47619047619048,-1.5846422282013162,2024-01
2024-02-04,sneakers,20,18.75,95.23809523809523,-1.317610675651227,2024-02
2024-02-11,sneakers,20,19.25,95.23809523809523,-0.8998425413316976,2024-02
2024-02-18,sneakers,38,24.25,172.72727272727272,1.617834205034575,2024-02
2024-02-25,sneakers,24,25.5,104.34782608695652,1.9066400162832389,2024-02
2024-03-03,sneakers,22,26.0,100.0,1.8191833004789097,2024-03
2024-03-10,sneakers,22,26.5,100.0,1.6399451119640809,2024-03
2024-03-17,sneakers,22,22.5,95.65217391304348,0.24283236530845193,2024-03
2024-03-24,sneakers,23,22.25,95.83333333333334,0.12866336381990914,2024-03
2024-03-31,sneakers,22,22.25,95.65217391304348,0.07941255102324733,2024-03
2024-04-07,sneakers,22,22.25,91.66666666666666,0.007431504570113395,2024-04
2024-04-14,sneakers,22,22.25,91.66666666666666,-0.10412669513882425,2024-04
2024-04-21,sneakers,23,22.25,100.0,-0.2527553506359404,2024-04
2024-04-28,sneakers,23,22.5,95.83333333333334,-0.3292102432089166,2024-04
2024-05-05,sneakers,23,22.75,100.0,-0.43379765369880097,2024-05
2024-05-12,sneakers,23,23.0,100.0,-0.21244762069125547,2024-05
2024-05-19,sneakers,22,22.75,91.66666666666666,-0.247575732599574,2024-05
2024-05-26,sneakers,23,22.75,104.54545454545455,-0.07352146220937901,2024-05
2024-06-02,sneakers,21,22.25,95.45454545454545,-0.8835412617926636,2024-06
2024-06-09,sneakers,23,22.25,104.54545454545455,-0.7808688094429546,2024-06
2024-06-16,sneakers,21,22.0,100.0,-1.5038412354827002,2024-06
2024-06-23,sneakers,20,21.25,95.23809523809523,-2.5181059921715145,2024-06
2024-06-30,sneakers,20,21.0,95.23809523809523,-2.1650635094610777,2024-06
2024-07-07,sneakers,20,20.25,100.0,-2.29365855462782,2024-07
2024-07-14,sneakers,21,20.25,100.0,-1.767766952966374,2024-07
2024-07-21,sneakers,22,20.75,100.0,-1.0458726778697096,2024-07
2024-07-28,sneakers,22,21.25,100.0,-0.422013871742119,2024-07
2024-08-04,sneakers,24,22.25,109.09090909090908,0.7680245771797185,2024-08
2024-08-11,sneakers,24,23.0,104.34782608695652,1.5539430835930998,2024-08
2024-08-18,sneakers,24,23.5,104.34782608695652,1.8397324220156086,2024-08
2024-08-25,sneakers,23,23.75,104.54545454545455,1.7105051343300761,2024-08
2024-09-01,sneakers,24,23.75,114.28571428571428,1.4506370414707332,2024-09
2024-09-08,sneakers,21,23.0,100.0,0.769800358919502,2024-09
2024-09-15,sneakers,22,22.5,104.76190476190477,0.3080991060743566,2024-09
2024-09-22,sneakers,21,22.0,100.0,-0.15094638162798837,2024-09
2024-09-29,sneakers,20,21.0,95.23809523809523,-1.0783277320343843,2024-09
2024-10-06,sneakers,20,20.75,100.0,-1.4095877378550008,2024-10
2024-10-13,sneakers,21,20.5,105.0,-1.5743440464753506,2024-10
2024-10-20,sneakers,20,20.25,100.0,-1.5758185601035828,2024-10
2024-10-27,sneakers,19,20.0,105.55555555555556,-1.460593486680446,2024-10
2024-11-03,sneakers,20,20.0,100.0,-1.2185435916898895,2024-11
2024-11-10,sneakers,22,20.25,104.76190476190477,-0.8867419420223657,2024-11
2024-11-17,sneakers,23,21.0,85.18518518518519,-0.2070196678027083,2024-11
2024-11-24,sneakers,29,23.5,120.83333333333333,1.94798211032339,2024-11
2024-12-01,sneakers,24,24.5,109.09090909090908,2.239311292535721,2024-12
2024-12-08,sneakers,23,24.75,104.54545454545455,1.9208028294557782,2024-12
2024-12-15,sneakers,22,24.5,104.76190476190477,1.4787653593291312,2024-12
2024-12-22,sneakers,23,23.0,104.54545454545455,0.577920491816703,2024-12
2024-12-29,sneakers,22,22.5,110.00000000000001,0.23700461679816578,2024-12
2025-01-05,sneakers,20,21.75,105.26315789473684,-0.23287321641631173,2025-01
2025-01-12,sneakers,19,21.0,105.55555555555556,-0.7090956902726957,2025-01
2025-01-19,sneakers,18,19.75,100.0,-1.3956924699306608,2025-01
2025-01-26,sneakers,18,18.75,94.73684210526315,-1.7480390994342803,2025-01
2025-02-02,sneakers,19,18.5,95.0,-1.6381933477119632,2025-02
2025-02-09,sneakers,18,18.25,90.0,-1.4871052550136925,2025-02
2025-02-16,sneakers,20,18.75,52.63157894736842,-1.0731205790180554,2025-02
2025-02-23,sneakers,21,19.5,87.5,-0.6294138182678068,2025-02
2025-03-02,sneakers,21,20.0,95.45454545454545,-0.26878612896378956,2025-03
2025-03-09,sneakers,23,21.25,104.54545454545455,0.6446583712203119,2025-03
2025-03-16,sneakers,23,22.0,104.54545454545455,1.2885563078463482,2025-03
2025-03-23,sneakers,23,22.5,100.0,1.639980755440807,2025-03
2025-03-30,sneakers,24,23.25,109.09090909090908,1.8375046418374976,2025-03
2025-04-06,sneakers,21,22.75,95.45454545454545,1.3279374141387468,2025-04
2025-04-13,sneakers,21,22.25,95.45454545454545,0.8934783082292299,2025-04
2025-04-20,sneakers,22,22.0,95.65217391304348,0.6251011478846517,2025-04
2025-04-27,sneakers,22,21.5,95.65217391304348,0.21155435413917856,2025-04
2025-05-04,sneakers,23,22.0,100.0,0.3955319923169098,2025-05
2025-05-11,sneakers,22,22.25,95.65217391304348,0.461572021870198,2025-05
2025-05-18,sneakers,21,22.0,95.45454545454545,0.026697534996902535,2025-05
2025-05-25,sneakers,23,22.25,100.0,0.16552117772047334,2025-05
2025-06-01,sneakers,21,21.75,100.0,-1.0347929552219688,2025-06
2025-06-08,sneakers,21,21.5,91.30434782608695,-1.3821894809301964,2025-06
2025-06-15,sneakers,20,21.25,95.23809523809523,-1.5285305132557798,2025-06
2025-06-22,sneakers,20,20.5,100.0,-2.371997813315563,2025-06
2025-06-29,sneakers,19,20.0,95.0,-2.3311936416102284,2025-06
2025-07-06,sneakers,20,19.75,100.0,-1.993145478581702,2025-07
2025-07-13,sneakers,24,20.75,114.28571428571428,-0.6591261645324233,2025-07
2025-07-20,sneakers,25,22.0,113.63636363636364,0.7901836773196841,2025-07
2025-07-27,sneakers,28,24.25,127.27272727272727,2.3501775265242566,2025-07
2025-08-03,sneakers,27,26.0,112.5,2.4558833620630147,2025-08
2025-08-10,sneakers,24,26.0,100.0,1.8678518594464606,2025-08
2025-08-17,sneakers,22,25.25,91.66666666666666,1.2746515101162923,2025-08
2025-08-24,sneakers,23,24.0,100.0,0.619441691550995,2025-08
2025-08-31,sneakers,24,23.25,100.0,0.2238400860739911,2025-08
2025-09-07,sneakers,20,22.25,95.23809523809523,-0.26581213720503444,2025-09
2025-09-14,sneakers,21,22.0,95.45454545454545,-0.4566333243478902,2025-09
2025-09-21,sneakers,22,21.75,104.76190476190477,-0.6969132012783991,2025-09
2025-09-28,sneakers,21,21.0,105.0,-1.2352332553014893,2025-09
2025-10-05,sneakers,21,21.25,105.0,-1.152701055427378,2025-10
2025-10-12,sneakers,21,21.25,100.0,-1.081468463021995,2025-10
2025-10-19,sneakers,20,20.75,100.0,-1.1428230680275726,2025-10
2025-10-26,sneakers,19,20.25,100.0,-1.2352972791785086,2025-10
2025-11-02,sneakers,21,20.25,105.0,-1.146086171940624,2025-11
2025-11-09,sneakers,22,20.5,100.0,-0.9246584018191363,2025-11
2025-11-16,sneakers,23,21.25,100.0,-0.07365429242103515,2025-11
2025-11-23,sneakers,30,24.0,103.44827586206897,2.618190650008649,2025-11
2025-11-30,sneakers,26,25.25,108.33333333333333,2.4836876124986427,2025-11
2025-12-07,sneakers,24,25.75,104.34782608695652,2.0559202385458435,2025-12
2025-12-14,sneakers,22,25.5,100.0,1.5501108353584705,2025-12
2025-12-21,sneakers,22,23.5,95.65217391304348,0.49930146657838304,2025-12
2025-12-28,sneakers,21,22.25,95.45454545454545,-0.14185627686296123,2025-12
2026-01-04,sneakers,20,21.25,100.0,-0.6282206546788264,2026-01
2026-01-11,sneakers,19,20.5,100.0,-0.973756206062952,2026-01
2026-01-18,sneakers,19,19.75,105.55555555555556,-1.2843754520528685,2026-01
2026-01-25,sneakers,19,19.25,105.55555555555556,-1.412078572241828,2026-01
2026-02-01,sneakers,19,19.0,100.0,-1.3810772783075649,2026-02
2026-02-08,sneakers,26,20.75,144.44444444444443,-0.6188436059663589,2026-02
2026-02-15,sneakers,26,22.5,130.0,0.16967667681527707,2026-02
2026-02-22,sneakers,26,24.25,123.80952380952381,0.9974766111618335,2026-02
2026-03-01,sneakers,23,25.25,109.52380952380953,1.508291190906676,2026-03
2026-03-08,sneakers,24,24.75,104.34782608695652,1.3654728591342469,2026-03
2026-03-15,sneakers,26,24.75,113.04347826086956,1.2515987038108918,2026-03
2026-03-22,sneakers,38,27.75,165.2173913043478,1.9540903888377361,2026-03
2026-03-29,sneakers,63,37.75,262.5,2.7964306279456217,2026-03
2026-04-05,sneakers,75,50.5,357.14285714285717,2.757562635539465,2026-04
2026-04-12,sneakers,87,65.75,414.28571428571433,2.595883239833402,2026-04
2026-04-19,sneakers,67,73.0,304.54545454545456,2.1758226956897424,2026-04
2026-04-26,sneakers,55,71.0,250.0,1.639051204209882,2026-04
2026-05-03,sneakers,57,66.5,247.82608695652172,1.1815763017063001,2026-05
2026-05-10,sneakers,64,60.75,290.90909090909093,0.7525444906529764,2026-05
2026-05-17,sneakers,52,57.0,247.61904761904762,0.4437588271678405,2026-05
2026-05-24,sneakers,37,52.5,160.8695652173913,0.08697022323165055,2026-05
2026-05-31,sneakers,36,47.25,171.42857142857142,-0.3648422128375385,2026-05
2026-06-07,sneakers,38,40.75,180.95238095238096,-0.9968898396307383,2026-06
2026-06-14,sneakers,36,36.75,180.0,-1.492894219458662,2026-06
2026-06-21,sneakers,36,36.5,180.0,-1.486456783231541,2026-06
2026-06-28,sneakers,27,34.25,142.10526315789474,-1.4174847159948765,2026-06
2026-07-05,sneakers,25,31.0,125.0,-1.3668045258321861,2026-07
2026-07-12,sneakers,22,27.5,91.66666666666666,-1.3864403803517598,2026-07
2026-07-19,sneakers,23,24.25,92.0,-1.4211555920932923,2026-07
2026-07-26,sneakers,24,23.5,85.71428571428571,-1.3160059713997594,2026-07
2026-08-02,sneakers,26,23.75,96.29629629629629,-1.1543414657702904,2026-08
2026-08-09,sneakers,26,24.75,108.33333333333333,-0.9548484076557123,2026-08
2026-08-16,sneakers,26,25.5,118.18181818181819,-0.7791867512700105,2026-08
2026-08-23,sneakers,30,27.0,130.43478260869566,-0.4556969476001749,2026-08
