date,keyword,trend,trend_ma,yoy_idx,z_score,month
2020-12-20,cosmetics,6,,,,2020-12
2020-12-27,cosmetics,7,6.5,,,2020-12
2021-01-03,cosmetics,6,6.333333333333333,,,2021-01
2021-01-10,cosmetics,7,6.5,,,2021-01
2021-01-17,cosmetics,6,6.5,,0.5773502691896284,2021-01
2021-01-24,cosmetics,6,6.25,,-1.5811388300841933,2021-01
2021-01-31,cosmetics,7,6.5,,0.6868028197434383,2021-01
2021-02-07,cosmetics,6,6.25,,-1.3703203194063016,2021-02
2021-02-14,cosmetics,6,6.25,,-1.1535634622409519,2021-02
2021-02-21,cosmetics,7,6.5,,0.8751130125932981,2021-02
2021-02-28,cosmetics,7,6.5,,0.8001322641986403,2021-02
2021-03-07,cosmetics,7,6.75,,2.1144135548305325,2021-03
2021-03-14,cosmetics,7,7.0,,2.455776252919898,2021-03
2021-03-21,cosmetics,6,6.75,,1.0964301069341202,2021-03
2021-03-28,cosmetics,6,6.5,,-0.09667364890456495,2021-03
2021-04-04,cosmetics,6,6.25,,-1.0954451150103321,2021-04
2021-04-11,cosmetics,6,6.0,,-1.7179113807746667,2021-04
2021-04-18,cosmetics,6,6.0,,-1.5038412354828103,2021-04
2021-04-25,cosmetics,6,6.0,,-1.2610742920399478,2021-04
2021-05-02,cosmetics,6,6.0,,-1.133893419027684,2021-05
2021-05-09,cosmetics,6,6.0,,-1.0251385715643997,2021-05
2021-05-16,cosmetics,6,6.0,,-0.8793155726408267,2021-05
2021-05-23,cosmetics,6,6.0,,-0.7518094115561148,2021-05
2021-05-30,cosmetics,6,6.0,,-0.6201736729460459,2021-05
2021-06-06,cosmetics,6,6.0,,-0.5222329678671038,2021-06
2021-06-13,cosmetics,6,6.0,,-0.42008402520842886,2021-06
2021-06-20,cosmetics,6,6.0,,-0.30151134457785495,2021-06
2021-06-27,cosmetics,6,6.0,,,2021-06
2021-07-04,cosmetics,10,7.0,,3.3166247903554558,2021-07
2021-07-11,cosmetics,14,9.0,,3.137858162210946,2021-07
2021-07-18,cosmetics,13,10.75,,2.7220924211703883,2021-07
2021-07-25,cosmetics,12,12.25,,2.3819653367016533,2021-07
2021-08-01,cosmetics,11,12.5,,1.878902261293118,2021-08
2021-08-08,cosmetics,12,12.0,,1.378396174339031,2021-08
2021-08-15,cosmetics,12,11.75,,1.082991533882221,2021-08
2021-08-22,cosmetics,11,11.5,,0.8382879465054259,2021-08
2021-08-29,cosmetics,12,11.75,,0.7847285663213216,2021-08
2021-09-05,cosmetics,13,12.0,,0.7432597234026777,2021-09
2021-09-12,cosmetics,12,12.0,,0.6191338185571932,2021-09
2021-09-19,cosmetics,12,12.25,,0.6546147229332615,2021-09
2021-09-26,cosmetics,12,12.25,,0.6376825261439837,2021-09
2021-10-03,cosmetics,12,12.0,,0.19069251784911354,2021-10
2021-10-10,cosmetics,12,12.0,,-0.08032193289024454,2021-10
2021-10-17,cosmetics,11,11.75,,-0.8835412617926636,2021-10
2021-10-24,cosmetics,11,11.5,,-1.6600377076557946,2021-10
2021-10-31,cosmetics,10,11.0,,-2.386761239312084,2021-10
2021-11-07,cosmetics,11,10.75,,-2.174900622898849,2021-11
2021-11-14,cosmetics,12,11.0,,-1.4007719879273957,2021-11
2021-11-21,cosmetics,15,12.0,,0.5853694070049485,2021-11
2021-11-28,cosmetics,12,12.5,,1.3887301496587992,2021-11
2021-12-05,cosmetics,11,12.5,,1.2300768289970954,2021-12
2021-12-12,cosmetics,11,12.25,,0.7959320658216503,2021-12
2021-12-19,cosmetics,11,11.25,183.33333333333331,-0.7959320658216507,2021-12
2021-12-26,cosmetics,11,11.0,157.14285714285714,-1.0425720702853571,2021-12
2022-01-02,cosmetics,10,10.75,166.66666666666669,-1.2178698345517556,2022-01
2022-01-09,cosmetics,10,10.5,142.85714285714286,-1.3339459376998157,2022-01
2022-01-16,cosmetics,9,10.0,150.0,-1.636117423304691,2022-01
2022-01-23,cosmetics,9,9.5,150.0,-1.7888543819998217,2022-01
2022-01-30,cosmetics,10,9.5,142.85714285714286,-1.5075567228888125,2022-01
2022-02-06,cosmetics,9,9.25,150.0,-1.4471492105848387,2022-02
2022-02-13,cosmetics,9,9.25,150.0,-1.2116456191407503,2022-02
2022-02-20,cosmetics,9,9.25,128.57142857142858,-1.05082127505712,2022-02
2022-02-27,cosmetics,8,8.75,114.28571428571428,-1.3509455931607095,2022-02
2022-03-06,cosmetics,8,8.5,114.28571428571428,-1.5037208752252647,2022-03
2022-03-13,cosmetics,8,8.25,114.28571428571428,-1.5480661252606618,2022-03
2022-03-20,cosmetics,8,8.0,133.33333333333331,-1.5965812281362801,2022-03
2022-03-27,cosmetics,8,8.0,133.33333333333331,-1.4150298473255591,2022-03
2022-04-03,cosmetics,8,8.0,133.33333333333331,-1.2843895538371204,2022-04
2022-04-10,cosmetics,7,7.75,116.66666666666667,-1.4506370414707488,2022-04
2022-04-17,cosmetics,9,8.0,150.0,-0.8992288030259098,2022-04
2022-04-24,cosmetics,9,8.25,150.0,-0.3527378107513367,2022-04
2022-05-01,cosmetics,8,8.25,133.33333333333331,-0.22032632461962084,2022-05
2022-05-08,cosmetics,7,8.25,116.66666666666667,-0.0536828127095058,2022-05
2022-05-15,cosmetics,7,7.75,116.66666666666667,-1.4201266762288134,2022-05
2022-05-22,cosmetics,8,7.5,133.33333333333331,-2.030258904552097,2022-05
2022-05-29,cosmetics,9,7.75,150.0,-0.9610744623272779,2022-05
2022-06-05,cosmetics,9,8.25,150.0,1.1358152736595075,2022-06
2022-06-12,cosmetics,8,8.5,133.33333333333331,1.719100713329623,2022-06
2022-06-19,cosmetics,9,8.75,150.0,1.9402850002907857,2022-06
2022-06-26,cosmetics,8,8.5,133.33333333333331,1.0392304845413851,2022-06
2022-07-03,cosmetics,8,8.25,80.0,0.24253562503634946,2022-07
2022-07-10,cosmetics,9,8.5,64.28571428571429,0.8307471607357432,2022-07
2022-07-17,cosmetics,9,8.5,69.23076923076923,0.7518094115561544,2022-07
2022-07-24,cosmetics,9,8.75,75.0,1.2347046923185985,2022-07
2022-07-31,cosmetics,9,9.0,81.81818181818183,1.525540142793,2022-07
2022-08-07,cosmetics,12,9.75,100.0,2.274294130736757,2022-08
2022-08-14,cosmetics,10,10.0,83.33333333333334,2.1443148379848616,2022-08
2022-08-21,cosmetics,9,10.0,81.81818181818183,1.7676489668074546,2022-08
2022-08-28,cosmetics,8,9.75,66.66666666666666,1.1520390326841181,2022-08
2022-09-04,cosmetics,8,8.75,61.53846153846154,-0.47087095579742233,2022-09
2022-09-11,cosmetics,9,8.5,75.0,-0.8228850233458004,2022-09
2022-09-18,cosmetics,8,8.25,66.66666666666666,-1.1476380835140196,2022-09
2022-09-25,cosmetics,8,8.25,66.66666666666666,-1.1476380835140196,2022-09
2022-10-02,cosmetics,9,8.5,75.0,-0.765092055676013,2022-10
2022-10-09,cosmetics,8,8.25,66.66666666666666,-1.0837419638896157,2022-10
2022-10-16,cosmetics,8,8.25,72.72727272727273,-0.9812567051925954,2022-10
2022-10-23,cosmetics,8,8.25,72.72727272727273,-0.861727484432147,2022-10
2022-10-30,cosmetics,8,8.0,80.0,-1.0263091172387,2022-10
2022-11-06,cosmetics,8,8.0,72.72727272727273,-0.9045340337333077,2022-11
2022-11-13,cosmetics,8,8.0,66.66666666666666,-0.8574579965724318,2022-11
2022-11-20,cosmetics,12,9.0,80.0,2.262741699797187,2022-11
2022-11-27,cosmetics,11,9.75,91.66666666666666,2.7643789618604524,2022-11
2022-12-04,cosmetics,9,10.0,81.81818181818183,2.2360679774998284,2022-12
2022-12-11,cosmetics,9,10.25,81.81818181818183,1.9366685135838067,2022-12
2022-12-18,cosmetics,8,9.25,72.72727272727273,0.5757663148492401,2022-12
2022-12-25,cosmetics,10,9.0,90.9090909090909,0.21023533249105536,2022-12
2023-01-01,cosmetics,9,9.0,90.0,0.13464426851071173,2023-01
2023-01-08,cosmetics,8,8.75,80.0,-0.24971114952803977,2023-01
2023-01-15,cosmetics,9,9.0,100.0,0.0,2023-01
2023-01-22,cosmetics,9,8.75,100.0,-0.4717540977918316,2023-01
2023-01-29,cosmetics,9,8.75,90.0,-0.6348110542727414,2023-01
2023-02-05,cosmetics,9,9.0,100.0,-0.4271788288583833,2023-02
2023-02-12,cosmetics,8,8.75,88.88888888888889,-0.8727302166695556,2023-02
2023-02-19,cosmetics,6,8.0,66.66666666666666,-1.8380365552345324,2023-02
2023-02-26,cosmetics,6,7.25,75.0,-2.3046940644862803,2023-02
2023-03-05,cosmetics,6,6.5,75.0,-2.5090001927487484,2023-03
2023-03-12,cosmetics,6,6.0,75.0,-2.1900678416971346,2023-03
2023-03-19,cosmetics,6,6.0,75.0,-1.7109481279671446,2023-03
2023-03-26,cosmetics,6,6.0,75.0,-1.4047633497312793,2023-03
2023-04-02,cosmetics,6,6.0,75.0,-1.1766968108291151,2023-04
2023-04-09,cosmetics,6,6.0,85.71428571428571,-1.000000000000011,2023-04
2023-04-16,cosmetics,6,6.0,66.66666666666666,-0.846970382482133,2023-04
2023-04-23,cosmetics,5,5.75,55.55555555555556,-0.903849843148106,2023-04
2023-04-30,cosmetics,5,5.5,62.5,-1.0258683675672478,2023-04
2023-05-07,cosmetics,5,5.25,71.42857142857143,-1.297417346336069,2023-05
2023-05-14,cosmetics,5,5.0,71.42857142857143,-1.7020563175626755,2023-05
2023-05-21,cosmetics,5,5.0,62.5,-1.6858544608472876,2023-05
2023-05-28,cosmetics,6,5.25,66.66666666666666,-0.9864308501373891,2023-05
2023-06-04,cosmetics,5,5.25,55.55555555555556,-0.834057656228451,2023-06
2023-06-11,cosmetics,5,5.25,62.5,-0.6978765652236616,2023-06
2023-06-18,cosmetics,5,5.25,55.55555555555556,-0.5698028822983175,2023-06
2023-06-25,cosmetics,6,5.25,75.0,-0.4418360821685855,2023-06
2023-07-02,cosmetics,5,5.25,62.5,-0.30151134457788525,2023-07
2023-07-09,cosmetics,5,5.25,55.55555555555556,-0.10976425998978494,2023-07
2023-07-16,cosmetics,5,5.25,55.55555555555556,0.16903085094605544,2023-07
2023-07-23,cosmetics,5,5.0,55.55555555555556,-1.732050807573629,2023-07
2023-07-30,cosmetics,5,5.0,55.55555555555556,-1.414213562376387,2023-07
2023-08-06,cosmetics,5,5.0,41.66666666666667,-1.414213562376387,2023-08
2023-08-13,cosmetics,5,5.0,50.0,-1.414213562376387,2023-08
2023-08-20,cosmetics,5,5.0,55.55555555555556,-1.18321595662245,2023-08
2023-08-27,cosmetics,5,5.0,62.5,-1.0000000000020899,2023-08
2023-09-03,cosmetics,5,5.0,62.5,-0.8451542547303463,2023-09
2023-09-10,cosmetics,5,5.0,55.55555555555556,-0.7071067811882276,2023-09
2023-09-17,cosmetics,5,5.0,62.5,-0.5773502691912646,2023-09
2023-09-24,cosmetics,5,5.0,62.5,-0.44721359550168654,2023-09
2023-10-01,cosmetics,5,5.0,55.55555555555556,-0.3015113445798895,2023-10
2023-10-08,cosmetics,5,5.0,62.5,,2023-10
2023-10-15,cosmetics,5,5.0,62.5,,2023-10
2023-10-22,cosmetics,5,5.0,62.5,,2023-10
2023-10-29,cosmetics,5,5.0,62.5,,2023-10
2023-11-05,cosmetics,5,5.0,62.5,,2023-11
2023-11-12,cosmetics,5,5.0,62.5,,2023-11
2023-11-19,cosmetics,9,6.0,75.0,3.316624790356833,2023-11
2023-11-26,cosmetics,7,6.5,63.63636363636363,2.708482575649594,2023-11
2023-12-03,cosmetics,6,6.75,66.66666666666666,2.2053318625668847,2023-12
2023-12-10,cosmetics,6,7.0,66.66666666666666,1.9288066784808637,2023-12
2023-12-17,cosmetics,6,6.25,75.0,0.807572853087284,2023-12
2023-12-24,cosmetics,6,6.0,60.0,0.3859224924939975,2023-12
2023-12-31,cosmetics,6,6.0,66.66666666666666,0.2862991671569469,2023-12
2024-01-07,cosmetics,5,5.75,62.5,-0.15137621049417613,2024-01
2024-01-14,cosmetics,5,5.5,55.55555555555556,-0.6097390166154291,2024-01
2024-01-21,cosmetics,5,5.25,55.55555555555556,-1.0690449676497609,2024-01
2024-01-28,cosmetics,5,5.0,55.55555555555556,-1.469936830518421,2024-01
2024-02-04,cosmetics,5,5.0,55.55555555555556,-1.469936830518421,2024-02
2024-02-11,cosmetics,5,5.0,62.5,-1.24034734589215,2024-02
2024-02-18,cosmetics,5,5.0,83.33333333333334,-1.0482649071630108,2024-02
2024-02-25,cosmetics,5,5.0,83.33333333333334,-0.9045340337333548,2024-02
2024-03-03,cosmetics,5,5.0,83.33333333333334,-0.8574579965725135,2024-03
2024-03-10,cosmetics,5,5.0,83.33333333333334,-0.7419985160046002,2024-03
2024-03-17,cosmetics,5,5.0,83.33333333333334,-0.6201736729462161,2024-03
2024-03-24,cosmetics,5,5.0,83.33333333333334,-0.5222329678673929,2024-03
2024-03-31,cosmetics,5,5.0,83.33333333333334,-0.4200840252090408,2024-03
2024-04-07,cosmetics,5,5.0,83.33333333333334,-0.3015113445799147,2024-04
2024-04-14,cosmetics,5,5.0,83.33333333333334,,2024-04
2024-04-21,cosmetics,5,5.0,100.0,,2024-04
2024-04-28,cosmetics,5,5.0,100.0,,2024-04
2024-05-05,cosmetics,5,5.0,100.0,,2024-05
2024-05-12,cosmetics,5,5.0,100.0,,2024-05
2024-05-19,cosmetics,4,4.75,80.0,-3.316624790379487,2024-05
2024-05-26,cosmetics,5,4.75,83.33333333333334,-2.2360679775087853,2024-05
2024-06-02,cosmetics,4,4.5,80.0,-2.6726124191281455,2024-06
2024-06-09,cosmetics,5,4.5,100.0,-1.9639610121258713,2024-06
2024-06-16,cosmetics,4,4.5,80.0,-1.5689290811067422,2024-06
2024-06-23,cosmetics,5,4.5,83.33333333333334,-1.2998673672403234,2024-06
2024-06-30,cosmetics,5,4.75,100.0,-0.09667364890464292,2024-06
2024-07-07,cosmetics,5,4.75,100.0,0.0,2024-07
2024-07-14,cosmetics,4,4.75,80.0,0.10976425998980464,2024-07
2024-07-21,cosmetics,5,4.75,100.0,0.2425356250366497,2024-07
2024-07-28,cosmetics,5,4.75,100.0,0.42008402520913646,2024-07
2024-08-04,cosmetics,4,4.5,80.0,-1.1832159566229838,2024-08
2024-08-11,cosmetics,5,4.75,100.0,0.8451542547307068,2024-08
2024-08-18,cosmetics,5,4.75,100.0,0.8451542547307068,2024-08
2024-08-25,cosmetics,4,4.5,80.0,-1.1832159566229838,2024-08
2024-09-01,cosmetics,4,4.5,80.0,-1.1832159566229838,2024-09
2024-09-08,cosmetics,4,4.25,80.0,-2.323790007727989,2024-09
2024-09-15,cosmetics,4,4.0,80.0,-2.474873734154712,2024-09
2024-09-22,cosmetics,4,4.0,80.0,-1.868587731880833,2024-09
2024-09-29,cosmetics,4,4.0,80.0,-1.5109662034362739,2024-09
2024-10-06,cosmetics,4,4.0,80.0,-1.261074292040501,2024-10
2024-10-13,cosmetics,4,4.0,80.0,-1.0690449676501848,2024-10
2024-10-20,cosmetics,4,4.0,80.0,-0.9124211282471446,2024-10
2024-10-27,cosmetics,4,4.0,80.0,-0.7720486469783611,2024-10
2024-11-03,cosmetics,4,4.0,80.0,-0.6488856845235149,2024-11
2024-11-10,cosmetics,5,4.25,100.0,0.6546536707088358,2024-11
2024-11-17,cosmetics,5,4.5,55.55555555555556,1.9639610121265076,2024-11
2024-11-24,cosmetics,7,5.25,100.0,2.9896729469799075,2024-11
2024-12-01,cosmetics,6,5.75,100.0,2.566137611404691,2024-12
2024-12-08,cosmetics,5,5.75,83.33333333333334,1.91154188953262,2024-12
2024-12-15,cosmetics,5,5.75,83.33333333333334,1.535498375481757,2024-12
2024-12-22,cosmetics,5,5.25,83.33333333333334,0.7301527431923001,2024-12
2024-12-29,cosmetics,5,5.0,83.33333333333334,0.29210311891851337,2024-12
2025-01-05,cosmetics,4,4.75,80.0,-0.15482028055567057,2025-01
2025-01-12,cosmetics,5,4.75,100.0,-0.26726124191244827,2025-01
2025-01-19,cosmetics,5,4.75,100.0,-0.4068496968004627,2025-01
2025-01-26,cosmetics,5,4.75,100.0,-0.5980503604018129,2025-01
2025-02-02,cosmetics,4,4.75,80.0,-0.7627700713965967,2025-02
2025-02-09,cosmetics,4,4.5,80.0,-1.3348476249440446,2025-02
2025-02-16,cosmetics,5,4.5,100.0,-1.1282342060164796,2025-02
2025-02-23,cosmetics,4,4.25,80.0,-1.4345089214867595,2025-02
2025-03-02,cosmetics,4,4.25,80.0,-1.2979353291282065,2025-03
2025-03-09,cosmetics,4,4.25,80.0,-1.3335385720534194,2025-03
2025-03-16,cosmetics,4,4.0,80.0,-1.896244889473576,2025-03
2025-03-23,cosmetics,4,4.0,80.0,-1.6045149064776698,2025-03
2025-03-30,cosmetics,4,4.0,80.0,-1.3335385720534896,2025-03
2025-04-06,cosmetics,4,4.0,80.0,-1.1313708498990565,2025-04
2025-04-13,cosmetics,4,4.0,80.0,-0.9716656205780885,2025-04
2025-04-20,cosmetics,4,4.0,80.0,-0.8451542547291692,2025-04
2025-04-27,cosmetics,5,4.25,100.0,0.4472135955005719,2025-04
2025-05-04,cosmetics,5,4.5,100.0,1.7888543820022922,2025-05
2025-05-11,cosmetics,5,4.75,100.0,2.4345080136042285,2025-05
2025-05-18,cosmetics,5,5.0,125.0,2.3237900077254814,2025-05
2025-05-25,cosmetics,6,5.25,120.0,2.1572774865205586,2025-05
2025-06-01,cosmetics,6,5.5,150.0,1.9988475942578343,2025-06
2025-06-08,cosmetics,5,5.5,100.0,1.5959855297969812,2025-06
2025-06-15,cosmetics,6,5.75,150.0,1.6171155683830243,2025-06
2025-06-22,cosmetics,5,5.5,100.0,1.041511287846681,2025-06
2025-06-29,cosmetics,5,5.25,100.0,0.5241424183610083,2025-06
2025-07-06,cosmetics,5,5.25,100.0,0.3940552031195939,2025-07
2025-07-13,cosmetics,6,5.25,150.0,0.24426598437305586,2025-07
2025-07-20,cosmetics,7,5.75,140.0,1.3301243435226295,2025-07
2025-07-27,cosmetics,8,6.5,160.0,2.5156444807019853,2025-07
2025-08-03,cosmetics,6,6.75,150.0,2.2700929443859232,2025-08
2025-08-10,cosmetics,6,6.75,120.0,1.7888543819999347,2025-08
2025-08-17,cosmetics,5,6.25,100.0,0.7537783614444502,2025-08
2025-08-24,cosmetics,5,5.5,125.0,-0.6030226891555592,2025-08
2025-08-31,cosmetics,5,5.25,125.0,-0.9878783399072645,2025-08
2025-09-07,cosmetics,4,4.75,100.0,-1.5272947835505828,2025-09
2025-09-14,cosmetics,5,4.75,125.0,-1.3194723165890012,2025-09
2025-09-21,cosmetics,4,4.5,100.0,-1.4527364784201857,2025-09
2025-09-28,cosmetics,5,4.5,125.0,-1.2774403257690317,2025-09
2025-10-05,cosmetics,5,4.75,125.0,-0.8911327886790349,2025-10
2025-10-12,cosmetics,5,4.75,125.0,-0.7733891912365558,2025-10
2025-10-19,cosmetics,5,5.0,125.0,-0.36342189215583054,2025-10
2025-10-26,cosmetics,5,5.0,125.0,-0.21674839277793456,2025-10
2025-11-02,cosmetics,6,5.25,150.0,0.48471791416322224,2025-11
2025-11-09,cosmetics,6,5.5,120.0,1.6124515496601666,2025-11
2025-11-16,cosmetics,7,6.0,140.0,2.3763541031444366,2025-11
2025-11-23,cosmetics,9,7.0,128.57142857142858,2.6653397296480423,2025-11
2025-11-30,cosmetics,8,7.5,133.33333333333331,2.264989517590133,2025-11
2025-12-07,cosmetics,5,7.25,100.0,1.5911145683514905,2025-12
2025-12-14,cosmetics,5,6.75,100.0,0.9432123925173682,2025-12
2025-12-21,cosmetics,5,5.75,100.0,-0.12945955560063307,2025-12
2020-12-20,furniture,69,,,,2020-12
2020-12-27,furniture,98,83.5,,,2020-12
2021-01-03,furniture,89,85.33333333333333,,,2021-01
2021-01-10,furniture,87,85.75,,,2021-01
2021-01-17,furniture,85,89.75,,1.608261902186761,2021-01
2021-01-24,furniture,82,85.75,,-0.13049164612595004,2021-01
2021-01-31,furniture,83,84.25,,-0.7441941420997944,2021-01
2021-02-07,furniture,80,82.5,,-1.2841415840331405,2021-02
2021-02-14,furniture,80,81.25,,-1.4566105433638605,2021-02
2021-02-21,furniture,84,81.75,,-1.0872193482876402,2021-02
2021-02-28,furniture,89,83.25,,-0.4481704769157326,2021-02
2021-03-07,furniture,92,86.25,,0.7609342313477941,2021-03
2021-03-14,furniture,100,91.25,,2.1360274711341973,2021-03
2021-03-21,furniture,97,94.5,,2.2160481403266665,2021-03
2021-03-28,furniture,92,95.25,,1.8327003157824857,2021-03
2021-04-04,furniture,91,95.0,,1.4521917089329723,2021-04
2021-04-11,furniture,91,92.75,,0.9329045903839502,2021-04
2021-04-18,furniture,89,90.75,,0.474677731939229,2021-04
2021-04-25,furniture,86,89.25,,0.11671272323312758,2021-04
2021-05-02,furniture,84,87.5,,-0.32174028521484094,2021-05
2021-05-09,furniture,82,85.25,,-0.936483550035028,2021-05
2021-05-16,furniture,86,84.5,,-1.2551673885913825,2021-05
2021-05-23,furniture,91,85.75,,-1.0725927460364513,2021-05
2021-05-30,furniture,87,86.5,,-0.8854846148384732,2021-05
2021-06-06,furniture,78,85.5,,-0.9830954690707325,2021-06
2021-06-13,furniture,77,83.25,,-1.313604703932349,2021-06
2021-06-20,furniture,84,81.5,,-1.524896686638923,2021-06
2021-06-27,furniture,83,80.5,,-1.6214159710259677,2021-06
2021-07-04,furniture,83,81.75,,-1.1466569047008612,2021-07
2021-07-11,furniture,78,82.0,,-0.9499019026608279,2021-07
2021-07-18,furniture,80,81.0,,-1.2098386989261647,2021-07
2021-07-25,furniture,81,80.5,,-1.2522567683117363,2021-07
2021-08-01,furniture,76,78.75,,-1.6515237653144166,2021-08
2021-08-08,furniture,74,77.75,,-1.644567238287864,2021-08
2021-08-15,furniture,75,76.5,,-1.7237292181297783,2021-08
2021-08-22,furniture,79,76.0,,-1.665218192557744,2021-08
2021-08-29,furniture,81,77.25,,-1.0825789384569473,2021-08
2021-09-05,furniture,83,79.5,,0.04106507811765675,2021-09
2021-09-12,furniture,70,78.25,,-0.45976816024520195,2021-09
2021-09-19,furniture,70,76.0,,-1.3319327046499636,2021-09
2021-09-26,furniture,72,73.75,,-1.9013361188025302,2021-09
2021-10-03,furniture,74,71.5,,-2.189237888508201,2021-10
2021-10-10,furniture,72,72.0,,-1.6488292475061221,2021-10
2021-10-17,furniture,69,71.75,,-1.4739606891481665,2021-10
2021-10-24,furniture,70,71.25,,-1.3776643944275515,2021-10
2021-10-31,furniture,73,71.0,,-1.2263501041697633,2021-10
2021-11-07,furniture,82,73.5,,-0.28447456500095053,2021-11
2021-11-14,furniture,75,75.0,,0.2733401530566666,2021-11
2021-11-21,furniture,82,78.0,,1.2815376675237233,2021-11
2021-11-28,furniture,71,77.5,,1.2808825726979078,2021-11
2021-12-05,furniture,63,72.75,,-0.3918587749334967,2021-12
2021-12-12,furniture,61,69.25,,-1.5321731958132199,2021-12
2021-12-19,furniture,57,63.0,82.6086956521739,-2.461183210467157,2021-12
2021-12-26,furniture,75,64.0,76.53061224489795,-1.7315281451931113,2021-12
2022-01-02,furniture,70,65.75,78.65168539325843,-1.1396313711252561,2022-01
2022-01-09,furniture,70,68.0,80.45977011494253,-0.581368064839855,2022-01
2022-01-16,furniture,68,70.75,80.0,0.008813052984785576,2022-01
2022-01-23,furniture,68,69.0,82.92682926829268,-0.32457389120249064,2022-01
2022-01-30,furniture,69,68.75,83.13253012048193,-0.2979838625762277,2022-01
2022-02-06,furniture,70,68.75,87.5,-0.19629597574006064,2022-02
2022-02-13,furniture,70,69.25,87.5,0.09637491737323765,2022-02
2022-02-20,furniture,79,72.0,94.04761904761905,1.2652096508747883,2022-02
2022-02-27,furniture,73,73.0,82.02247191011236,1.5945149938092311,2022-02
2022-03-06,furniture,73,73.75,79.34782608695652,1.5354486113831245,2022-03
2022-03-13,furniture,74,74.75,74.0,1.6124687742218404,2022-03
2022-03-20,furniture,73,73.25,75.25773195876289,1.0114232659856015,2022-03
2022-03-27,furniture,64,71.0,69.56521739130434,-0.009481761594282859,2022-03
2022-04-03,furniture,67,69.5,73.62637362637363,-0.798876908772322,2022-04
2022-04-10,furniture,63,66.75,69.23076923076923,-1.6970643083071961,2022-04
2022-04-17,furniture,64,64.5,71.91011235955057,-2.020362197780753,2022-04
2022-04-24,furniture,66,65.0,76.74418604651163,-1.5619756014068695,2022-04
2022-05-01,furniture,66,64.75,78.57142857142857,-1.4034705498464326,2022-05
2022-05-08,furniture,63,64.75,76.82926829268293,-1.2106870069283002,2022-05
2022-05-15,furniture,64,64.75,74.4186046511628,-1.023611469959056,2022-05
2022-05-22,furniture,70,65.75,76.92307692307693,-0.6410393225507304,2022-05
2022-05-29,furniture,70,66.75,80.45977011494253,-0.2527553506359381,2022-05
2022-06-05,furniture,62,66.5,79.48717948717949,-0.16097271743639202,2022-06
2022-06-12,furniture,61,65.75,79.22077922077922,-0.28882374471254196,2022-06
2022-06-19,furniture,63,64.0,75.0,-1.2026459735982324,2022-06
2022-06-26,furniture,71,64.25,85.54216867469879,-1.1146949051690223,2022-06
2022-07-03,furniture,71,66.5,85.54216867469879,1.3596491378340625,2022-07
2022-07-10,furniture,66,67.75,84.61538461538461,2.0104045907985095,2022-07
2022-07-17,furniture,66,68.5,82.5,1.9732045311300666,2022-07
2022-07-24,furniture,66,67.25,81.48148148148148,0.8878013236377186,2022-07
2022-07-31,furniture,69,66.75,90.78947368421053,0.41212770621631806,2022-07
2022-08-07,furniture,66,66.75,89.1891891891892,0.30151134457772977,2022-08
2022-08-14,furniture,68,67.25,90.66666666666666,0.5999999999999348,2022-08
2022-08-21,furniture,66,67.25,83.54430379746836,0.5595618158750757,2022-08
2022-08-28,furniture,68,67.0,83.9506172839506,0.32756089104017905,2022-08
2022-09-04,furniture,66,67.0,79.51807228915662,0.24989589839229534,2022-09
2022-09-11,furniture,55,63.75,78.57142857142857,-2.249885212866069,2022-09
2022-09-18,furniture,56,61.25,80.0,-2.7320464252831065,2022-09
2022-09-25,furniture,54,57.75,75.0,-2.602335173549529,2022-09
2022-10-02,furniture,57,55.5,77.02702702702703,-2.2528877814273294,2022-10
2022-10-09,furniture,56,55.75,77.77777777777779,-1.7209947686519527,2022-10
2022-10-16,furniture,55,55.5,79.71014492753623,-1.4473346409392045,2022-10
2022-10-23,furniture,53,55.25,75.71428571428571,-1.248119973483339,2022-10
2022-10-30,furniture,57,55.25,78.08219178082192,-1.0545672014495404,2022-10
2022-11-06,furniture,61,56.5,74.39024390243902,-0.6776149274222063,2022-11
2022-11-13,furniture,58,57.25,77.33333333333333,-0.39524257647184,2022-11
2022-11-20,furniture,70,61.5,85.36585365853658,0.7934288198982531,2022-11
2022-11-27,furniture,56,61.25,78.87323943661971,1.1005616543638312,2022-11
2022-12-04,furniture,48,58.0,76.19047619047619,0.18565179371913262,2022-12
2022-12-11,furniture,51,56.25,83.60655737704919,-0.4275486229802626,2022-12
2022-12-18,furniture,46,50.25,80.7017543859649,-2.2265774315803397,2022-12
2022-12-25,furniture,61,51.5,81.33333333333333,-1.4947279255974093,2022-12
2023-01-01,furniture,63,55.25,90.0,-0.2848556772034383,2023-01
2023-01-08,furniture,58,57.0,82.85714285714286,0.23173726769338004,2023-01
2023-01-15,furniture,57,59.75,83.82352941176471,0.9497769776858984,2023-01
2023-01-22,furniture,56,58.5,82.35294117647058,0.4833025607773484,2023-01
2023-01-29,furniture,56,56.75,81.15942028985508,-0.05726678792627005,2023-01
2023-02-05,furniture,59,57.0,84.28571428571429,0.025461700987559344,2023-02
2023-02-12,furniture,60,57.75,85.71428571428571,0.38362239197598913,2023-02
2023-02-19,furniture,64,59.75,81.0126582278481,1.1613709526847626,2023-02
2023-02-26,furniture,58,60.25,79.45205479452055,1.2018865379060706,2023-02
2023-03-05,furniture,58,60.0,79.45205479452055,0.9697966177288672,2023-03
2023-03-12,furniture,58,59.5,78.37837837837837,0.7226357911689859,2023-03
2023-03-19,furniture,59,58.25,80.82191780821918,-0.0410881808357194,2023-03
2023-03-26,furniture,57,58.0,89.0625,-0.4440715406952201,2023-03
2023-04-02,furniture,56,57.5,83.5820895522388,-0.9227054732836931,2023-04
2023-04-09,furniture,56,57.0,88.88888888888889,-1.1358152736589977,2023-04
2023-04-16,furniture,56,56.25,87.5,-1.447428583713003,2023-04
2023-04-23,furniture,56,56.0,84.84848484848484,-1.4978174870599679,2023-04
2023-04-30,furniture,55,55.75,83.33333333333334,-1.4762696898969967,2023-04
2023-05-07,furniture,57,56.0,90.47619047619048,-1.1433772070189665,2023-05
2023-05-14,furniture,54,55.5,84.375,-1.2247448713913776,2023-05
2023-05-21,furniture,60,56.5,85.71428571428571,-0.4834678336441813,2023-05
2023-05-28,furniture,65,59.0,92.85714285714286,1.4850340843528864,2023-05
2023-06-04,furniture,55,58.5,88.70967741935483,1.2939067275991936,2023-06
2023-06-11,furniture,56,59.0,91.80327868852459,1.5631436318698553,2023-06
2023-06-18,furniture,57,58.25,90.47619047619048,0.9214139398827274,2023-06
2023-06-25,furniture,61,57.25,85.91549295774648,0.13453455879921947,2023-06
2023-07-02,furniture,67,60.25,94.36619718309859,1.9109350202639517,2023-07
2023-07-09,furniture,57,60.5,86.36363636363636,1.6409940364649742,2023-07
2023-07-16,furniture,54,59.75,81.81818181818183,1.0152952674092506,2023-07
2023-07-23,furniture,57,58.75,86.36363636363636,0.30596037346801197,2023-07
2023-07-30,furniture,56,56.0,81.15942028985508,-1.4499861177397178,2023-07
2023-08-06,furniture,56,55.75,84.84848484848484,-1.6608249488575435,2023-08
2023-08-13,furniture,54,55.75,79.41176470588235,-1.5348770676211272,2023-08
2023-08-20,furniture,56,55.5,84.84848484848484,-1.3855131227735276,2023-08
2023-08-27,furniture,57,55.75,83.82352941176471,-1.0597310955689752,2023-08
2023-09-03,furniture,57,56.0,86.36363636363636,-0.7843906610810711,2023-09
2023-09-10,furniture,51,55.25,92.72727272727272,-1.0115131585139663,2023-09
2023-09-17,furniture,49,53.5,87.5,-1.5505537117293398,2023-09
2023-09-24,furniture,49,51.5,90.74074074074075,-1.9455471961831974,2023-09
2023-10-01,furniture,47,49.0,82.45614035087719,-2.259391885008664,2023-10
2023-10-08,furniture,50,48.75,89.28571428571429,-1.9044749434775368,2023-10
2023-10-15,furniture,49,48.75,89.0909090909091,-1.5985409597253477,2023-10
2023-10-22,furniture,47,48.25,88.67924528301887,-1.4442002235542184,2023-10
2023-10-29,furniture,50,49.0,87.71929824561403,-1.0198039027185002,2023-10
2023-11-05,furniture,54,50.0,88.52459016393442,-0.5798165582067158,2023-11
2023-11-12,furniture,56,51.75,96.55172413793103,0.10266402025046754,2023-11
2023-11-19,furniture,65,56.25,92.85714285714286,1.6342511492245995,2023-11
2023-11-26,furniture,51,56.5,91.07142857142857,1.6674780406061775,2023-11
2023-12-03,furniture,47,54.75,97.91666666666666,1.1113411590243607,2023-12
2023-12-10,furniture,46,52.25,90.19607843137256,0.29729665136291333,2023-12
2023-12-17,furniture,43,46.75,93.47826086956522,-1.3510230042062634,2023-12
2023-12-24,furniture,56,48.0,91.80327868852459,-0.9085547303894853,2023-12
2023-12-31,furniture,54,49.75,85.71428571428571,-0.3948735948694688,2023-12
2024-01-07,furniture,49,50.5,84.48275862068965,-0.20845783452977548,2024-01
2024-01-14,furniture,49,52.0,85.96491228070175,0.1819472429481959,2024-01
2024-01-21,furniture,51,50.75,91.07142857142857,-0.2950709523816933,2024-01
2024-01-28,furniture,51,50.0,91.07142857142857,-0.5541576422778149,2024-01
2024-02-04,furniture,51,50.5,86.4406779661017,-0.34362942367002264,2024-02
2024-02-11,furniture,51,51.0,85.0,-0.02467068557457013,2024-02
2024-02-18,furniture,62,53.75,96.875,1.3743997077519796,2024-02
2024-02-25,furniture,57,55.25,98.27586206896551,1.9867985355973188,2024-02
2024-03-03,furniture,49,54.75,84.48275862068965,1.5096316238697596,2024-03
2024-03-10,furniture,54,55.5,93.10344827586206,1.582693036043793,2024-03
2024-03-17,furniture,53,53.25,89.83050847457628,0.4880711008691853,2024-03
2024-03-24,furniture,51,51.75,89.47368421052632,-0.34799058263223054,2024-03
2024-03-31,furniture,49,51.75,87.5,-0.4186474065427096,2024-03
2024-04-07,furniture,50,50.75,89.28571428571429,-0.876215908676511,2024-04
2024-04-14,furniture,52,50.5,92.85714285714286,-0.9866274083371295,2024-04
2024-04-21,furniture,52,50.75,92.85714285714286,-0.9216392452761981,2024-04
2024-04-28,furniture,51,51.25,92.72727272727272,-0.7066795979938439,2024-04
2024-05-05,furniture,51,51.5,89.47368421052632,-0.6009155862993003,2024-05
2024-05-12,furniture,50,51.0,92.5925925925926,-0.7500915695014613,2024-05
2024-05-19,furniture,56,52.0,93.33333333333333,-0.04045566970312714,2024-05
2024-05-26,furniture,57,53.5,87.6923076923077,1.105093228515248,2024-05
2024-06-02,furniture,51,53.5,92.72727272727272,1.6505978485674904,2024-06
2024-06-09,furniture,51,53.75,91.07142857142857,1.741125677439443,2024-06
2024-06-16,furniture,52,52.75,91.22807017543859,0.7382134705252337,2024-06
2024-06-23,furniture,53,51.75,86.88524590163934,-0.14764269410504421,2024-06
2024-06-30,furniture,63,54.75,94.02985074626866,1.9069251784905612,2024-06
2024-07-07,furniture,53,55.25,92.98245614035088,1.8157943426346383,2024-07
2024-07-14,furniture,46,53.75,85.18518518518519,0.6372885908334759,2024-07
2024-07-21,furniture,52,53.5,91.22807017543859,0.3329635791058975,2024-07
2024-07-28,furniture,55,51.5,98.21428571428571,-1.2652616006024198,2024-07
2024-08-04,furniture,52,51.25,92.85714285714286,-1.522090433035881,2024-08
2024-08-11,furniture,56,53.75,103.7037037037037,0.4232073695149979,2024-08
2024-08-18,furniture,50,53.25,89.28571428571429,0.017669388943899116,2024-08
2024-08-25,furniture,54,53.0,94.73684210526315,-0.15922346773022134,2024-08
2024-09-01,furniture,52,53.0,91.22807017543859,-0.10721125348373728,2024-09
2024-09-08,furniture,47,50.75,92.15686274509804,-1.6506178486398977,2024-09
2024-09-15,furniture,47,50.0,95.91836734693877,-1.8244909216781942,2024-09
2024-09-22,furniture,48,48.5,97.95918367346938,-2.0740824915650617,2024-09
2024-09-29,furniture,46,47.0,97.87234042553192,-2.176838128101147,2024-09
2024-10-06,furniture,46,46.75,92.0,-1.7868019608885943,2024-10
2024-10-13,furniture,45,46.25,91.83673469387756,-1.6058171714222607,2024-10
2024-10-20,furniture,44,45.25,93.61702127659575,-1.5853125079027077,2024-10
2024-10-27,furniture,44,44.75,88.0,-1.4312378875300253,2024-10
2024-11-03,furniture,56,47.25,103.7037037037037,-0.5263060701530425,2024-11
2024-11-10,furniture,50,48.5,89.28571428571429,0.03144249904851829,2024-11
2024-11-17,furniture,52,50.5,80.0,0.9690971739228192,2024-11
2024-11-24,furniture,57,53.75,111.76470588235294,2.1944877872367923,2024-11
2024-12-01,furniture,46,51.25,97.87234042553192,1.155776531709947,2024-12
2024-12-08,furniture,42,49.25,91.30434782608695,0.39867329651101274,2024-12
2024-12-15,furniture,40,46.25,93.02325581395348,-0.7063373122348994,2024-12
2024-12-22,furniture,46,43.5,82.14285714285714,-1.4969087493181616,2024-12
2024-12-29,furniture,55,45.75,101.85185185185186,-0.6690301220014252,2024-12
2025-01-05,furniture,46,46.75,93.87755102040816,-0.3401602163898572,2025-01
2025-01-12,furniture,45,48.0,91.83673469387756,0.014988949722865368,2025-01
2025-01-19,furniture,47,48.25,92.15686274509804,0.0,2025-01
2025-01-26,furniture,45,45.75,88.23529411764706,-0.8842790614300445,2025-01
2025-02-02,furniture,44,45.25,86.27450980392157,-0.931410436458377,2025-02
2025-02-09,furniture,46,45.5,90.19607843137256,-0.7064332585334838,2025-02
2025-02-16,furniture,51,46.5,82.25806451612904,-0.16857990078440446,2025-02
2025-02-23,furniture,49,47.5,85.96491228070175,0.6566526178659149,2025-02
2025-03-02,furniture,48,48.5,97.95918367346938,1.4713984931680109,2025-03
2025-03-09,furniture,50,49.5,92.5925925925926,1.7120364381439697,2025-03
2025-03-16,furniture,49,49.0,92.45283018867924,1.2913357108213064,2025-03
2025-03-23,furniture,48,48.75,94.11764705882352,0.9426111512196477,2025-03
2025-03-30,furniture,48,48.75,97.95918367346938,0.8071669064187044,2025-03
2025-04-06,furniture,48,48.25,96.0,0.4379678718551828,2025-04
2025-04-13,furniture,48,48.0,92.3076923076923,0.2788394767628262,2025-04
2025-04-20,furniture,46,47.5,88.46153846153845,-0.1912730139189214,2025-04
2025-04-27,furniture,47,47.25,92.15686274509804,-0.6135719910775262,2025-04
2025-05-04,furniture,50,47.75,98.0392156862745,-0.4356111321315045,2025-05
2025-05-11,furniture,49,48.0,98.0,-0.34872344372096953,2025-05
2025-05-18,furniture,52,49.5,92.85714285714286,1.570413455004613,2025-05
2025-05-25,furniture,54,51.25,94.73684210526315,2.4806225775167006,2025-05
2025-06-01,furniture,50,51.25,98.0392156862745,1.9544999712392852,2025-06
2025-06-08,furniture,50,51.5,98.0392156862745,1.7065968029094176,2025-06
2025-06-15,furniture,48,50.5,92.3076923076923,0.8971499589143603,2025-06
2025-06-22,furniture,52,50.0,98.11320754716981,0.4985907141129001,2025-06
2025-06-29,furniture,57,51.75,90.47619047619048,1.343072721748858,2025-06
2025-07-06,furniture,55,53.0,103.77358490566037,1.6615739235466633,2025-07
2025-07-13,furniture,56,55.0,121.73913043478262,2.0584754986485283,2025-07
2025-07-20,furniture,58,56.5,111.53846153846155,2.095982551726522,2025-07
2025-07-27,furniture,55,56.0,100.0,1.5792676400151577,2025-07
2025-08-03,furniture,54,55.75,103.84615384615385,1.2866160634782169,2025-08
2025-08-10,furniture,54,55.25,96.42857142857143,0.9197413799471362,2025-08
2025-08-17,furniture,53,54.0,106.0,0.28112374229615894,2025-08
2025-08-24,furniture,55,54.0,101.85185185185186,0.18564214812347277,2025-08
2025-08-31,furniture,54,54.0,103.84615384615385,0.09207191237648758,2025-08
2025-09-07,furniture,43,51.25,91.48936170212765,-1.3508617938954461,2025-09
2025-09-14,furniture,43,48.75,91.48936170212765,-2.315275012792811,2025-09
2025-09-21,furniture,46,46.5,95.83333333333334,-2.3333526122202,2025-09
2025-09-28,furniture,45,44.25,97.82608695652173,-2.1634626212978882,2025-09
2025-10-05,furniture,47,45.25,102.17391304347827,-1.5300516429853472,2025-10
2025-10-12,furniture,44,45.5,97.77777777777777,-1.2366742133675235,2025-10
2025-10-19,furniture,49,46.25,111.36363636363636,-0.9030350364247709,2025-10
2025-10-26,furniture,44,46.0,100.0,-0.8164965809276966,2025-10
2025-11-02,furniture,49,46.5,87.5,-0.5617268675057557,2025-11
2025-11-09,furniture,53,48.75,106.0,0.20819642188244836,2025-11
2025-11-16,furniture,52,49.5,100.0,0.6602893908719977,2025-11
2025-11-23,furniture,57,52.75,100.0,2.071392627397282,2025-11
2025-11-30,furniture,46,52.0,100.0,1.6778558985947731,2025-11
2025-12-07,furniture,42,49.25,100.0,0.5920947427388118,2025-12
2025-12-14,furniture,39,46.0,97.5,-0.6345210875681179,2025-12
2025-12-21,furniture,46,43.25,100.0,-1.5775694167328276,2025-12
2020-12-20,groceries,3,,,,2020-12
2020-12-27,groceries,3,3.0,,,2020-12
2021-01-03,groceries,3,3.0,,,2021-01
2021-01-10,groceries,3,3.0,,,2021-01
2021-01-17,groceries,3,3.0,,,2021-01
2021-01-24,groceries,3,3.0,,,2021-01
2021-01-31,groceries,3,3.0,,,2021-01
2021-02-07,groceries,3,3.0,,,2021-02
2021-02-14,groceries,3,3.0,,,2021-02
2021-02-21,groceries,3,3.0,,,2021-02
2021-02-28,groceries,3,3.0,,,2021-02
2021-03-07,groceries,2,2.75,,-3.1622776601683777,2021-03
2021-03-14,groceries,3,2.75,,-2.236067977499793,2021-03
2021-03-21,groceries,3,2.75,,-1.7320508075688794,2021-03
2021-03-28,groceries,3,2.75,,-1.4142135623730967,2021-03
2021-04-04,groceries,3,3.0,,0.7071067811865502,2021-04
2021-04-11,groceries,3,3.0,,0.7071067811865502,2021-04
2021-04-18,groceries,3,3.0,,0.7071067811865502,2021-04
2021-04-25,groceries,3,3.0,,0.7071067811865502,2021-04
2021-05-02,groceries,3,3.0,,0.7071067811865502,2021-05
2021-05-09,groceries,3,3.0,,0.7071067811865502,2021-05
2021-05-16,groceries,3,3.0,,0.7071067811865502,2021-05
2021-05-23,groceries,3,3.0,,0.7071067811865502,2021-05
2021-05-30,groceries,3,3.0,,0.5773502691896266,2021-05
2021-06-06,groceries,3,3.0,,0.4472135954999568,2021-06
2021-06-13,groceries,3,3.0,,0.30151134457776596,2021-06
2021-06-20,groceries,3,3.0,,,2021-06
2021-06-27,groceries,3,3.0,,,2021-06
2021-07-04,groceries,3,3.0,,,2021-07
2021-07-11,groceries,3,3.0,,,2021-07
2021-07-18,groceries,3,3.0,,,2021-07
2021-07-25,groceries,4,3.25,,3.3166247903554,2021-07
2021-08-01,groceries,4,3.5,,2.9405881764588218,2021-08
2021-08-08,groceries,4,3.75,,2.611164839335468,2021-08
2021-08-15,groceries,4,4.0,,2.3566599571949602,2021-08
2021-08-22,groceries,4,4.0,,1.8019963960108123,2021-08
2021-08-29,groceries,4,4.0,,1.4638501094227994,2021-08
2021-09-05,groceries,3,3.75,,0.7398954355004848,2021-09
2021-09-12,groceries,3,3.5,,0.05191741316511684,2021-09
2021-09-19,groceries,4,3.5,,-0.05564148840746607,2021-09
2021-09-26,groceries,3,3.25,,-0.830747160735696,2021-09
2021-10-03,groceries,3,3.25,,-0.9622504486493748,2021-10
2021-10-10,groceries,3,3.25,,-1.1313708498984745,2021-10
2021-10-17,groceries,3,3.0,,-1.732050807568875,2021-10
2021-10-24,groceries,3,3.0,,-1.4457873299155994,2021-10
2021-10-31,groceries,3,3.0,,-1.2074068598865932,2021-10
2021-11-07,groceries,3,3.0,,-1.0392304845413256,2021-11
2021-11-14,groceries,3,3.0,,-0.9113223768657661,2021-11
2021-11-21,groceries,4,3.25,,0.08737040566610432,2021-11
2021-11-28,groceries,3,3.25,,0.34641016151377496,2021-11
2021-12-05,groceries,3,3.25,,0.5345224838248486,2021-12
2021-12-12,groceries,3,3.25,,0.8451542547285121,2021-12
2021-12-19,groceries,4,3.25,133.33333333333331,0.8451542547285121,2021-12
2021-12-26,groceries,3,3.25,100.0,0.8451542547285121,2021-12
2022-01-02,groceries,3,3.25,100.0,0.8451542547285121,2022-01
2022-01-09,groceries,3,3.25,100.0,0.7071067811865459,2022-01
2022-01-16,groceries,3,3.0,100.0,-1.414213562373088,2022-01
2022-01-23,groceries,2,2.75,66.66666666666666,-2.4735893086356486,2022-01
2022-01-30,groceries,2,2.5,66.66666666666666,-2.5337417643170066,2022-01
2022-02-06,groceries,2,2.25,66.66666666666666,-2.3566599571949585,2022-02
2022-02-13,groceries,3,2.25,100.0,-1.8019963960108112,2022-02
2022-02-20,groceries,3,2.5,100.0,-0.9864308501372132,2022-02
2022-02-27,groceries,2,2.5,66.66666666666666,-0.8340576562282989,2022-02
2022-03-06,groceries,3,2.75,150.0,-0.10976425998968987,2022-03
2022-03-13,groceries,2,2.5,66.66666666666666,-0.6361464251628632,2022-03
2022-03-20,groceries,2,2.25,66.66666666666666,-1.1457431093955013,2022-03
2022-03-27,groceries,2,2.25,66.66666666666666,-1.013606067599228,2022-03
2022-04-03,groceries,2,2.0,66.66666666666666,-1.7179113807746664,2022-04
2022-04-10,groceries,2,2.0,66.66666666666666,-1.5666989036012806,2022-04
2022-04-17,groceries,2,2.0,66.66666666666666,-1.352504452001149,2022-04
2022-04-24,groceries,3,2.25,100.0,-0.18569533817705133,2022-04
2022-05-01,groceries,2,2.25,66.66666666666666,-0.18569533817705133,2022-05
2022-05-08,groceries,3,2.5,100.0,0.8115026712006895,2022-05
2022-05-15,groceries,3,2.75,100.0,1.6222142113076254,2022-05
2022-05-22,groceries,3,2.75,100.0,1.420126676228679,2022-05
2022-05-29,groceries,3,3.0,100.0,1.9867985355975657,2022-05
2022-06-05,groceries,3,3.0,100.0,1.6274669424134705,2022-06
2022-06-12,groceries,3,3.0,100.0,1.3420703177375477,2022-06
2022-06-19,groceries,3,3.0,100.0,1.1285761872936697,2022-06
2022-06-26,groceries,3,3.0,100.0,0.9649012813540151,2022-06
2022-07-03,groceries,3,3.0,100.0,0.8307471607356968,2022-07
2022-07-10,groceries,2,2.75,66.66666666666666,-0.07474350927519408,2022-07
2022-07-17,groceries,3,2.75,100.0,-0.2705008904002294,2022-07
2022-07-24,groceries,3,2.75,75.0,-0.6509445549041165,2022-07
2022-07-31,groceries,3,2.75,75.0,-0.9999999999999951,2022-07
2022-08-07,groceries,2,2.75,50.0,-0.9999999999999951,2022-08
2022-08-14,groceries,3,2.75,75.0,-0.9999999999999951,2022-08
2022-08-21,groceries,2,2.5,50.0,-2.138089935299389,2022-08
2022-08-28,groceries,2,2.25,50.0,-2.416841222614155,2022-08
2022-09-04,groceries,2,2.25,66.66666666666666,-1.8593393604027342,2022-09
2022-09-11,groceries,3,2.25,100.0,-1.526116724914746,2022-09
2022-09-18,groceries,2,2.25,50.0,-1.2977713690460986,2022-09
2022-09-25,groceries,2,2.25,66.66666666666666,-1.1358152736593474,2022-09
2022-10-02,groceries,2,2.25,66.66666666666666,-0.961074462327139,2022-10
2022-10-09,groceries,2,2.0,66.66666666666666,-1.622214211307622,2022-10
2022-10-16,groceries,2,2.0,66.66666666666666,-1.3654728591342453,2022-10
2022-10-23,groceries,2,2.0,66.66666666666666,-1.1832159566199207,2022-10
2022-10-30,groceries,2,2.0,66.66666666666666,-1.0634101379502272,2022-10
2022-11-06,groceries,2,2.0,66.66666666666666,-1.0690449676496931,2022-11
2022-11-13,groceries,2,2.0,66.66666666666666,-0.9999999999999951,2022-11
2022-11-20,groceries,3,2.25,75.0,0.9999999999999951,2022-11
2022-11-27,groceries,2,2.25,66.66666666666666,0.9999999999999951,2022-11
2022-12-04,groceries,2,2.25,66.66666666666666,0.9999999999999951,2022-12
2022-12-11,groceries,2,2.25,66.66666666666666,0.9999999999999951,2022-12
2022-12-18,groceries,2,2.0,50.0,-0.845154254728511,2022-12
2022-12-25,groceries,3,2.25,100.0,1.1832159566199183,2022-12
2023-01-01,groceries,3,2.5,100.0,2.2132114866739987,2023-01
2023-01-08,groceries,3,2.75,100.0,2.4140393963016704,2023-01
2023-01-15,groceries,2,2.75,66.66666666666666,1.8474044564757455,2023-01
2023-01-22,groceries,2,2.5,100.0,0.7423074889580896,2023-01
2023-01-29,groceries,3,2.5,150.0,0.6115928396627267,2023-01
2023-02-05,groceries,2,2.25,100.0,-0.5773502691896251,2023-02
2023-02-12,groceries,2,2.25,66.66666666666666,-0.5773502691896251,2023-02
2023-02-19,groceries,2,2.25,66.66666666666666,-0.5773502691896251,2023-02
2023-02-26,groceries,2,2.0,100.0,-1.4852968963237627,2023-02
2023-03-05,groceries,2,2.0,66.66666666666666,-1.2977713690461,2023-03
2023-03-12,groceries,2,2.0,100.0,-1.2977713690461,2023-03
2023-03-19,groceries,2,2.0,100.0,-1.1470786693528083,2023-03
2023-03-26,groceries,2,2.0,100.0,-0.971665620577517,2023-03
2023-04-02,groceries,2,2.0,100.0,-0.8451542547285171,2023-04
2023-04-09,groceries,2,2.0,100.0,-0.7683498199278337,2023-04
2023-04-16,groceries,2,2.0,100.0,-0.6509445549041193,2023-04
2023-04-23,groceries,2,2.0,66.66666666666666,-0.5773502691896278,2023-04
2023-04-30,groceries,2,2.0,100.0,-0.44721359549995904,2023-04
2023-05-07,groceries,2,2.0,66.66666666666666,-0.30151134457776985,2023-05
2023-05-14,groceries,2,2.0,66.66666666666666,,2023-05
2023-05-21,groceries,2,2.0,66.66666666666666,,2023-05
2023-05-28,groceries,2,2.0,66.66666666666666,,2023-05
2023-06-04,groceries,2,2.0,66.66666666666666,,2023-06
2023-06-11,groceries,2,2.0,66.66666666666666,,2023-06
2023-06-18,groceries,2,2.0,66.66666666666666,,2023-06
2023-06-25,groceries,2,2.0,66.66666666666666,,2023-06
2023-07-02,groceries,2,2.0,66.66666666666666,,2023-07
2023-07-09,groceries,2,2.0,100.0,,2023-07
2023-07-16,groceries,2,2.0,66.66666666666666,,2023-07
2023-07-23,groceries,2,2.0,66.66666666666666,,2023-07
2023-07-30,groceries,3,2.25,100.0,3.3166247903554424,2023-07
2023-08-06,groceries,2,2.25,100.0,2.2360679774998045,2023-08
2023-08-13,groceries,2,2.25,66.66666666666666,1.7320508075688836,2023-08
2023-08-20,groceries,2,2.25,100.0,1.4142135623730974,2023-08
2023-08-27,groceries,2,2.0,100.0,-0.7071067811865506,2023-08
2023-09-03,groceries,3,2.25,150.0,1.1832159566199265,2023-09
2023-09-10,groceries,2,2.25,66.66666666666666,1.0000000000000009,2023-09
2023-09-17,groceries,2,2.25,100.0,0.8451542547285151,2023-09
2023-09-24,groceries,2,2.25,100.0,0.7071067811865477,2023-09
2023-10-01,groceries,2,2.0,100.0,-1.4142135623730916,2023-10
2023-10-08,groceries,2,2.0,100.0,-1.4142135623730916,2023-10
2023-10-15,groceries,2,2.0,100.0,-1.4142135623730916,2023-10
2023-10-22,groceries,2,2.0,100.0,-1.1832159566199238,2023-10
2023-10-29,groceries,2,2.0,100.0,-1.0000000000000009,2023-10
2023-11-05,groceries,2,2.0,100.0,-0.8451542547285168,2023-11
2023-11-12,groceries,2,2.0,100.0,-0.7071067811865506,2023-11
2023-11-19,groceries,2,2.0,66.66666666666666,-0.7071067811865506,2023-11
2023-11-26,groceries,2,2.0,100.0,-0.5773502691896278,2023-11
2023-12-03,groceries,2,2.0,100.0,-0.4472135954999589,2023-12
2023-12-10,groceries,2,2.0,100.0,-0.3015113445777698,2023-12
2023-12-17,groceries,2,2.0,100.0,,2023-12
2023-12-24,groceries,3,2.25,100.0,3.316624790355442,2023-12
2023-12-31,groceries,2,2.25,66.66666666666666,2.2360679774998045,2023-12
2024-01-07,groceries,2,2.25,66.66666666666666,1.7320508075688834,2024-01
2024-01-14,groceries,2,2.25,100.0,1.4142135623730974,2024-01
2024-01-21,groceries,2,2.0,100.0,-0.7071067811865506,2024-01
2024-01-28,groceries,2,2.0,66.66666666666666,-0.7071067811865506,2024-01
2024-02-04,groceries,2,2.0,100.0,-0.7071067811865506,2024-02
2024-02-11,groceries,2,2.0,100.0,-0.7071067811865506,2024-02
2024-02-18,groceries,2,2.0,100.0,-0.7071067811865506,2024-02
2024-02-25,groceries,3,2.25,150.0,1.1832159566199263,2024-02
2024-03-03,groceries,2,2.25,100.0,1.0000000000000009,2024-03
2024-03-10,groceries,2,2.25,100.0,0.845154254728515,2024-03
2024-03-17,groceries,2,2.25,100.0,0.845154254728515,2024-03
2024-03-24,groceries,2,2.0,100.0,-1.0000000000000009,2024-03
2024-03-31,groceries,2,2.0,100.0,-0.8451542547285168,2024-03
2024-04-07,groceries,2,2.0,100.0,-0.7071067811865506,2024-04
2024-04-14,groceries,2,2.0,100.0,-0.7071067811865506,2024-04
2024-04-21,groceries,2,2.0,100.0,-0.7071067811865506,2024-04
2024-04-28,groceries,2,2.0,100.0,-0.7071067811865506,2024-04
2024-05-05,groceries,2,2.0,100.0,-0.7071067811865506,2024-05
2024-05-12,groceries,2,2.0,100.0,-0.7071067811865506,2024-05
2024-05-19,groceries,2,2.0,100.0,-0.5773502691896278,2024-05
2024-05-26,groceries,2,2.0,100.0,-0.4472135954999589,2024-05
2024-06-02,groceries,2,2.0,100.0,-0.3015113445777698,2024-06
2024-06-09,groceries,2,2.0,100.0,,2024-06
2024-06-16,groceries,2,2.0,100.0,,2024-06
2024-06-23,groceries,2,2.0,100.0,,2024-06
2024-06-30,groceries,2,2.0,100.0,,2024-06
2024-07-07,groceries,2,2.0,100.0,,2024-07
2024-07-14,groceries,2,2.0,100.0,,2024-07
2024-07-21,groceries,2,2.0,100.0,,2024-07
2024-07-28,groceries,2,2.0,66.66666666666666,,2024-07
2024-08-04,groceries,2,2.0,100.0,,2024-08
2024-08-11,groceries,2,2.0,100.0,,2024-08
2024-08-18,groceries,2,2.0,100.0,,2024-08
2024-08-25,groceries,2,2.0,100.0,,2024-08
2024-09-01,groceries,2,2.0,66.66666666666666,,2024-09
2024-09-08,groceries,2,2.0,100.0,,2024-09
2024-09-15,groceries,2,2.0,100.0,,2024-09
2024-09-22,groceries,2,2.0,100.0,,2024-09
2024-09-29,groceries,2,2.0,100.0,,2024-09
2024-10-06,groceries,2,2.0,100.0,,2024-10
2024-10-13,groceries,2,2.0,100.0,,2024-10
2024-10-20,groceries,2,2.0,100.0,,2024-10
2024-10-27,groceries,2,2.0,100.0,,2024-10
2024-11-03,groceries,2,2.0,100.0,,2024-11
2024-11-10,groceries,2,2.0,100.0,,2024-11
2024-11-17,groceries,2,2.0,100.0,,2024-11
2024-11-24,groceries,2,2.0,100.0,,2024-11
2024-12-01,groceries,2,2.0,100.0,,2024-12
2024-12-08,groceries,2,2.0,100.0,,2024-12
2024-12-15,groceries,2,2.0,100.0,,2024-12
2024-12-22,groceries,3,2.25,100.0,3.316624790355442,2024-12
2024-12-29,groceries,2,2.25,100.0,2.2360679774998045,2024-12
2025-01-05,groceries,2,2.25,100.0,1.7320508075688834,2025-01
2025-01-12,groceries,2,2.25,100.0,1.4142135623730974,2025-01
2025-01-19,groceries,3,2.25,150.0,1.1832159566199263,2025-01
2025-01-26,groceries,3,2.5,150.0,2.2132114866740045,2025-01
2025-02-02,groceries,3,2.75,150.0,2.4140393963016713,2025-02
2025-02-09,groceries,2,2.75,100.0,1.8474044564757444,2025-02
2025-02-16,groceries,2,2.5,100.0,0.7423074889580887,2025-02
2025-02-23,groceries,2,2.25,66.66666666666666,-0.35355339059327345,2025-02
2025-03-02,groceries,2,2.0,100.0,-1.4142135623730918,2025-03
2025-03-09,groceries,2,2.0,100.0,-1.4142135623730918,2025-03
2025-03-16,groceries,2,2.0,100.0,-1.2371791482634813,2025-03
2025-03-23,groceries,2,2.0,100.0,-1.0932163332202403,2025-03
2025-03-30,groceries,3,2.25,150.0,-0.15617376188860527,2025-03
2025-04-06,groceries,3,2.5,150.0,0.6882472016116843,2025-04
2025-04-13,groceries,2,2.5,100.0,0.6030226891555257,2025-04
2025-04-20,groceries,2,2.5,100.0,0.6030226891555257,2025-04
2025-04-27,groceries,2,2.25,100.0,-0.16903085094570247,2025-04
2025-05-04,groceries,2,2.0,100.0,-1.0634101379502294,2025-05
2025-05-11,groceries,2,2.0,100.0,-0.9045340337332926,2025-05
2025-05-18,groceries,2,2.0,100.0,-0.7844645405527375,2025-05
2025-05-25,groceries,2,2.0,100.0,-0.7844645405527375,2025-05
2025-06-01,groceries,2,2.0,100.0,-0.7844645405527375,2025-06
2025-06-08,groceries,2,2.0,100.0,-0.7844645405527375,2025-06
2025-06-15,groceries,2,2.0,100.0,-0.7844645405527375,2025-06
2025-06-22,groceries,2,2.0,100.0,-0.6767155423319675,2025-06
2025-06-29,groceries,2,2.0,100.0,-0.5488212999484546,2025-06
2025-07-06,groceries,3,2.25,150.0,1.069044967649709,2025-07
2025-07-13,groceries,2,2.25,100.0,1.7320508075689252,2025-07
2025-07-20,groceries,3,2.5,150.0,2.6726124191242735,2025-07
2025-07-27,groceries,3,2.75,150.0,2.5337417643170164,2025-07
2025-08-03,groceries,3,2.75,150.0,1.8962448894726294,2025-08
2025-08-10,groceries,3,3.0,150.0,2.0175288189295486,2025-08
2025-08-17,groceries,2,2.75,100.0,1.0987983707358544,2025-08
2025-08-24,groceries,2,2.5,100.0,0.3015113445777622,2025-08
2025-08-31,groceries,2,2.25,100.0,-0.5080005080007594,2025-08
2025-09-07,groceries,2,2.0,100.0,-1.270001270001899,2025-09
2025-09-14,groceries,3,2.25,150.0,-0.608163640559534,2025-09
2025-09-21,groceries,3,2.5,150.0,0.07474350927519352,2025-09
2025-09-28,groceries,3,2.75,150.0,0.8221786020271215,2025-09
2025-10-05,groceries,2,2.75,100.0,0.6882472016116779,2025-10
2025-10-12,groceries,2,2.5,100.0,-0.22941573387055927,2025-10
2025-10-19,groceries,3,2.5,150.0,-0.15617376188860385,2025-10
2025-10-26,groceries,3,2.5,150.0,-0.08032193289024961,2025-10
2025-11-02,groceries,4,3.0,200.0,1.8474044564757273,2025-11
2025-11-09,groceries,3,3.25,150.0,2.116950987028612,2025-11
2025-11-16,groceries,3,3.25,150.0,1.6666666666666556,2025-11
2025-11-23,groceries,3,3.25,150.0,1.3779972440082573,2025-11
2025-11-30,groceries,3,3.0,150.0,0.6201736729460353,2025-11
2025-12-07,groceries,3,3.0,150.0,0.4913036844405094,2025-12
2025-12-14,groceries,2,2.75,100.0,-0.44721359549994877,2025-12
2025-12-21,groceries,2,2.5,66.66666666666666,-1.1931660907840926,2025-12
2020-12-20,laptops,5,,,,2020-12
2020-12-27,laptops,5,5.0,,,2020-12
2021-01-03,laptops,6,5.333333333333333,,,2021-01
2021-01-10,laptops,6,5.5,,,2021-01
2021-01-17,laptops,5,5.5,,0.8164965809277267,2021-01
2021-01-24,laptops,5,5.5,,0.6859943405700367,2021-01
2021-01-31,laptops,5,5.25,,-0.532200144888794,2021-01
2021-02-07,laptops,5,5.0,,-1.4291548761875779,2021-02
2021-02-14,laptops,5,5.0,,-1.1931848997583718,2021-02
2021-02-21,laptops,5,5.0,,-1.0453025125088664,2021-02
2021-02-28,laptops,5,5.0,,-0.9415544714433907,2021-02
2021-03-07,laptops,5,5.0,,-0.8636106698168348,2021-03
2021-03-14,laptops,6,5.25,,0.2637521893583142,2021-03
2021-03-21,laptops,5,5.25,,0.17139779254776594,2021-03
2021-03-28,laptops,5,5.25,,0.2085144140570765,2021-03
2021-04-04,laptops,5,5.25,,0.346410161513776,2021-04
2021-04-11,laptops,5,5.0,,-0.9113223768657672,2021-04
2021-04-18,laptops,5,5.0,,-0.845154254728523,2021-04
2021-04-25,laptops,5,5.0,,-0.7071067811865496,2021-04
2021-05-02,laptops,4,4.75,,-2.100420126042025,2021-05
2021-05-09,laptops,5,4.75,,-1.6977493752543393,2021-05
2021-05-16,laptops,5,4.75,,-1.426935379865978,2021-05
2021-05-23,laptops,5,4.75,,-1.224744871391593,2021-05
2021-05-30,laptops,5,5.0,,0.0,2021-05
2021-06-06,laptops,5,5.0,,0.10976425998968918,2021-06
2021-06-13,laptops,5,5.0,,0.24253562503633566,2021-06
2021-06-20,laptops,5,5.0,,0.420084025208405,2021-06
2021-06-27,laptops,5,5.0,,0.7071067811865496,2021-06
2021-07-04,laptops,5,5.0,,0.7071067811865496,2021-07
2021-07-11,laptops,5,5.0,,0.7071067811865496,2021-07
2021-07-18,laptops,5,5.0,,0.7071067811865496,2021-07
2021-07-25,laptops,5,5.0,,0.5773502691896316,2021-07
2021-08-01,laptops,5,5.0,,0.4472135954999693,2021-08
2021-08-08,laptops,5,5.0,,0.30151134457777273,2021-08
2021-08-15,laptops,5,5.0,,,2021-08
2021-08-22,laptops,5,5.0,,,2021-08
2021-08-29,laptops,5,5.0,,,2021-08
2021-09-05,laptops,4,4.75,,-3.3166247903555517,2021-09
2021-09-12,laptops,5,4.75,,-2.2360679774998276,2021-09
2021-09-19,laptops,4,4.5,,-2.6726124191242535,2021-09
2021-09-26,laptops,4,4.25,,-2.5337417643170093,2021-09
2021-10-03,laptops,4,4.25,,-1.896244889472626,2021-10
2021-10-10,laptops,4,4.0,,-2.0175288189295437,2021-10
2021-10-17,laptops,5,4.25,,-1.0987983707358513,2021-10
2021-10-24,laptops,4,4.25,,-0.9299811099505485,2021-10
2021-10-31,laptops,5,4.5,,-0.12403473458920851,2021-10
2021-11-07,laptops,5,4.75,,0.7300956427599642,2021-11
2021-11-14,laptops,5,4.75,,0.8660254037844298,2021-11
2021-11-21,laptops,7,5.5,,2.524577979762865,2021-11
2021-11-28,laptops,6,5.75,,2.2269224668742664,2021-11
2021-12-05,laptops,4,5.5,,1.450425606445922,2021-12
2021-12-12,laptops,5,5.5,,1.217069249236262,2021-12
2021-12-19,laptops,4,4.75,80.0,-0.108042360909843,2021-12
2021-12-26,laptops,4,4.25,80.0,-0.972381248188587,2021-12
2022-01-02,laptops,4,4.25,66.66666666666666,-1.0552897060221726,2022-01
2022-01-09,laptops,5,4.25,83.33333333333334,-1.0552897060221726,2022-01
2022-01-16,laptops,4,4.25,80.0,-1.0552897060221726,2022-01
2022-01-23,laptops,5,4.5,100.0,-0.603022689155527,2022-01
2022-01-30,laptops,4,4.5,80.0,-0.5578560024792015,2022-01
2022-02-06,laptops,4,4.25,80.0,-0.8957179548750226,2022-02
2022-02-13,laptops,4,4.25,80.0,-0.7537783614444088,2022-02
2022-02-20,laptops,4,4.0,80.0,-1.1016316230980752,2022-02
2022-02-27,laptops,4,4.0,80.0,-1.0199734414805282,2022-02
2022-03-06,laptops,4,4.0,80.0,-1.2567574357593256,2022-03
2022-03-13,laptops,4,4.0,66.66666666666666,-1.2126781251816028,2022-03
2022-03-20,laptops,4,4.0,80.0,-1.039230484541278,2022-03
2022-03-27,laptops,4,4.0,80.0,-0.8944271909998778,2022-03
2022-04-03,laptops,4,4.0,80.0,-0.7683498199277977,2022-04
2022-04-10,laptops,4,4.0,80.0,-0.6546536707079491,2022-04
2022-04-17,laptops,4,4.0,80.0,-0.5345224838248126,2022-04
2022-04-24,laptops,4,4.0,80.0,-0.44721359549988143,2022-04
2022-05-01,laptops,4,4.0,100.0,-0.3015113445776622,2022-05
2022-05-08,laptops,4,4.0,80.0,,2022-05
2022-05-15,laptops,4,4.0,80.0,,2022-05
2022-05-22,laptops,4,4.0,80.0,,2022-05
2022-05-29,laptops,4,4.0,80.0,,2022-05
2022-06-05,laptops,4,4.0,80.0,,2022-06
2022-06-12,laptops,4,4.0,80.0,,2022-06
2022-06-19,laptops,4,4.0,80.0,,2022-06
2022-06-26,laptops,4,4.0,80.0,,2022-06
2022-07-03,laptops,4,4.0,80.0,,2022-07
2022-07-10,laptops,5,4.25,100.0,3.3166247903543358,2022-07
2022-07-17,laptops,4,4.25,80.0,2.2360679774993883,2022-07
2022-07-24,laptops,4,4.25,80.0,1.732050807568648,2022-07
2022-07-31,laptops,4,4.25,80.0,1.4142135623729402,2022-07
2022-08-07,laptops,5,4.25,100.0,1.1832159566198017,2022-08
2022-08-14,laptops,6,4.75,120.0,2.745625891934487,2022-08
2022-08-21,laptops,5,5.0,100.0,2.4494897427831437,2022-08
2022-08-28,laptops,4,5.0,80.0,1.8599622199010921,2022-08
2022-09-04,laptops,4,4.75,100.0,0.9831353843426007,2022-09
2022-09-11,laptops,4,4.25,80.0,-0.48507125007266244,2022-09
2022-09-18,laptops,3,3.75,75.0,-1.724886140631423,2022-09
2022-09-25,laptops,3,3.5,75.0,-1.9479687863968664,2022-09
2022-10-02,laptops,4,3.5,100.0,-1.588859819013465,2022-10
2022-10-09,laptops,4,3.5,100.0,-1.3392377806384115,2022-10
2022-10-16,laptops,3,3.5,60.0,-1.1487330537883769,2022-10
2022-10-23,laptops,3,3.5,75.0,-0.9941071967770351,2022-10
2022-10-30,laptops,4,3.5,80.0,-0.8628403050799607,2022-10
2022-11-06,laptops,4,3.5,80.0,-0.7232784198342019,2022-11
2022-11-13,laptops,4,3.75,80.0,-0.16222142113076177,2022-11
2022-11-20,laptops,6,4.5,85.71428571428571,1.6434520313776129,2022-11
2022-11-27,laptops,5,4.75,83.33333333333334,2.2234939248050054,2022-11
2022-12-04,laptops,4,4.75,100.0,1.8593393604027229,2022-12
2022-12-11,laptops,4,4.75,80.0,1.50755672288881,2022-12
2022-12-18,laptops,4,4.25,100.0,0.49743117566569517,2022-12
2022-12-25,laptops,4,4.0,100.0,-0.03968378950662646,2022-12
2023-01-01,laptops,4,4.0,100.0,-0.12467574523850665,2023-01
2023-01-08,laptops,4,4.0,80.0,-0.220326324619615,2023-01
2023-01-15,laptops,4,4.0,100.0,-0.33258003670190267,2023-01
2023-01-22,laptops,4,4.0,80.0,-0.47237749297332565,2023-01
2023-01-29,laptops,4,4.0,100.0,-0.6633249580710725,2023-01
2023-02-05,laptops,3,3.75,75.0,-1.386952185057696,2023-02
2023-02-12,laptops,3,3.5,75.0,-1.6641671939945408,2023-02
2023-02-19,laptops,3,3.25,75.0,-1.8616720400785036,2023-02
2023-02-26,laptops,4,3.25,100.0,-1.609439808118595,2023-02
2023-03-05,laptops,3,3.25,75.0,-1.507556722888796,2023-03
2023-03-12,laptops,3,3.25,75.0,-1.2851791288603993,2023-03
2023-03-19,laptops,3,3.25,75.0,-1.083472677771906,2023-03
2023-03-26,laptops,3,3.0,75.0,-1.481487493975272,2023-03
2023-04-02,laptops,3,3.0,75.0,-1.2535663410559998,2023-04
2023-04-09,laptops,3,3.0,75.0,-1.083472677771905,2023-04
2023-04-16,laptops,3,3.0,75.0,-0.9615239476408017,2023-04
2023-04-23,laptops,3,3.0,75.0,-0.9284766908852219,2023-04
2023-04-30,laptops,3,3.0,75.0,-0.9113223768656933,2023-04
2023-05-07,laptops,3,3.0,75.0,-0.8451542547283973,2023-05
2023-05-14,laptops,3,3.0,75.0,-0.7071067811864405,2023-05
2023-05-21,laptops,3,3.0,75.0,-0.5773502691895208,2023-05
2023-05-28,laptops,3,3.0,75.0,-0.4472135954998467,2023-05
2023-06-04,laptops,3,3.0,75.0,-0.30151134457763157,2023-06
2023-06-11,laptops,3,3.0,75.0,,2023-06
2023-06-18,laptops,3,3.0,75.0,,2023-06
2023-06-25,laptops,3,3.0,75.0,,2023-06
2023-07-02,laptops,4,3.25,100.0,3.316624790353922,2023-07
2023-07-09,laptops,4,3.5,80.0,2.9405881764585375,2023-07
2023-07-16,laptops,4,3.75,100.0,2.6111648393353706,2023-07
2023-07-23,laptops,5,4.25,125.0,2.6304578227655555,2023-07
2023-07-30,laptops,4,4.25,100.0,1.9445436482629865,2023-07
2023-08-06,laptops,5,4.5,100.0,1.868587731879827,2023-08
2023-08-13,laptops,4,4.5,66.66666666666666,1.5109662034355702,2023-08
2023-08-20,laptops,5,4.5,100.0,1.2610742920399396,2023-08
2023-08-27,laptops,5,4.75,125.0,1.3799356691822056,2023-08
2023-09-03,laptops,4,4.5,100.0,0.8451542547285124,2023-09
2023-09-10,laptops,3,4.25,75.0,0.30678599553894664,2023-09
2023-09-17,laptops,3,3.75,100.0,-0.879215145427211,2023-09
2023-09-24,laptops,3,3.25,100.0,-1.9898026975457943,2023-09
2023-10-01,laptops,3,3.0,75.0,-2.10324084385123,2023-10
2023-10-08,laptops,3,3.0,75.0,-1.7292861596651772,2023-10
2023-10-15,laptops,3,3.0,100.0,-1.415262293375481,2023-10
2023-10-22,laptops,3,3.0,100.0,-1.1867816581938484,2023-10
2023-10-29,laptops,3,3.0,75.0,-1.0034782713716195,2023-10
2023-11-05,laptops,3,3.0,75.0,-0.8488746876271613,2023-11
2023-11-12,laptops,4,3.25,100.0,-0.3620694102721459,2023-11
2023-11-19,laptops,6,4.0,100.0,1.0932163332202336,2023-11
2023-11-26,laptops,4,4.25,80.0,1.72794398304045,2023-11
2023-12-03,laptops,3,4.25,75.0,1.72794398304045,2023-12
2023-12-10,laptops,4,4.25,100.0,1.5011106998930146,2023-12
2023-12-17,laptops,3,3.5,75.0,0.07738232325341277,2023-12
2023-12-24,laptops,3,3.25,75.0,-0.4365216845728957,2023-12
2023-12-31,laptops,3,3.25,75.0,-0.4898979485566311,2023-12
2024-01-07,laptops,4,3.25,100.0,-0.5478846775494113,2024-01
2024-01-14,laptops,3,3.25,75.0,-0.6115928396627197,2024-01
2024-01-21,laptops,3,3.25,75.0,-0.6825236327899272,2024-01
2024-01-28,laptops,3,3.25,75.0,-0.7627700713964646,2024-01
2024-02-04,laptops,3,3.0,100.0,-1.228542539021869,2024-02
2024-02-11,laptops,3,3.0,100.0,-1.0379754695349934,2024-02
2024-02-18,laptops,3,3.0,100.0,-0.9045340337332776,2024-02
2024-02-25,laptops,3,3.0,75.0,-0.8205527240271249,2024-02
2024-03-03,laptops,3,3.0,100.0,-1.0690449676495783,2024-03
2024-03-10,laptops,3,3.0,100.0,-0.9999999999998261,2024-03
2024-03-17,laptops,3,3.0,100.0,-0.8451542547283631,2024-03
2024-03-24,laptops,3,3.0,100.0,-0.7071067811864087,2024-03
2024-03-31,laptops,3,3.0,100.0,-0.5773502691894896,2024-03
2024-04-07,laptops,3,3.0,100.0,-0.4472135954998136,2024-04
2024-04-14,laptops,3,3.0,100.0,-0.30151134457759043,2024-04
2024-04-21,laptops,3,3.0,100.0,,2024-04
2024-04-28,laptops,3,3.0,100.0,,2024-04
2024-05-05,laptops,3,3.0,100.0,,2024-05
2024-05-12,laptops,3,3.0,100.0,,2024-05
2024-05-19,laptops,3,3.0,100.0,,2024-05
2024-05-26,laptops,3,3.0,100.0,,2024-05
2024-06-02,laptops,3,3.0,100.0,,2024-06
2024-06-09,laptops,3,3.0,100.0,,2024-06
2024-06-16,laptops,3,3.0,100.0,,2024-06
2024-06-23,laptops,3,3.0,100.0,,2024-06
2024-06-30,laptops,3,3.0,75.0,,2024-06
2024-07-07,laptops,3,3.0,75.0,,2024-07
2024-07-14,laptops,4,3.25,100.0,3.316624790353469,2024-07
2024-07-21,laptops,5,3.75,100.0,3.1378581622107515,2024-07
2024-07-28,laptops,6,4.5,150.0,2.9162346919891107,2024-07
2024-08-04,laptops,7,5.5,140.0,2.719641466102094,2024-08
2024-08-11,laptops,7,6.25,175.0,2.3710912210615795,2024-08
2024-08-18,laptops,7,6.75,140.0,2.042648719947568,2024-08
2024-08-25,laptops,6,6.75,120.0,1.6207846881005945,2024-08
2024-09-01,laptops,7,6.75,175.0,1.3397876906064698,2024-09
2024-09-08,laptops,5,6.25,166.66666666666669,0.8665126336668417,2024-09
2024-09-15,laptops,3,5.25,100.0,0.11451966686277372,2024-09
2024-09-22,laptops,3,4.5,100.0,-0.5325517662251418,2024-09
2024-09-29,laptops,3,3.5,100.0,-1.381698559415513,2024-09
2024-10-06,laptops,3,3.0,100.0,-1.713590950946559,2024-10
2024-10-13,laptops,3,3.0,100.0,-1.5636004262430838,2024-10
2024-10-20,laptops,3,3.0,100.0,-1.3584930838534963,2024-10
2024-10-27,laptops,3,3.0,100.0,-1.1491737348422535,2024-10
2024-11-03,laptops,3,3.0,100.0,-0.9718973108675295,2024-11
2024-11-10,laptops,4,3.25,100.0,-0.6814104838746797,2024-11
2024-11-17,laptops,5,3.75,83.33333333333334,-0.20819329310565665,2024-11
2024-11-24,laptops,6,4.5,150.0,0.6488856845230495,2024-11
2024-12-01,laptops,5,5.0,166.66666666666669,1.5509031503518094,2024-12
2024-12-08,laptops,4,5.0,100.0,1.6499635157782817,2024-12
2024-12-15,laptops,4,4.75,133.33333333333331,1.2655964955939834,2024-12
2024-12-22,laptops,4,4.25,133.33333333333331,0.5620737433383554,2024-12
2024-12-29,laptops,4,4.0,133.33333333333331,0.16012815380508694,2024-12
2025-01-05,laptops,4,4.0,100.0,0.056704797712373994,2025-01
2025-01-12,laptops,4,4.0,133.33333333333331,-0.06166264159782107,2025-01
2025-01-19,laptops,4,4.0,133.33333333333331,-0.20851441405707427,2025-01
2025-01-26,laptops,4,4.0,133.33333333333331,-0.4181210050035433,2025-01
2025-02-02,laptops,4,4.0,133.33333333333331,-0.6541009870546117,2025-02
2025-02-09,laptops,4,4.0,133.33333333333331,-0.7419985160044484,2025-02
2025-02-16,laptops,4,4.0,133.33333333333331,-0.6324555320336723,2025-02
2025-02-23,laptops,4,4.0,133.33333333333331,-0.5080005080007587,2025-02
2025-03-02,laptops,4,4.0,133.33333333333331,-0.39223227027635954,2025-03
2025-03-09,laptops,3,3.75,100.0,-2.449489742783007,2025-03
2025-03-16,laptops,4,3.75,133.33333333333331,-2.2360679774996144,2025-03
2025-03-23,laptops,3,3.5,100.0,-2.6726124191241722,2025-03
2025-03-30,laptops,4,3.5,133.33333333333331,-1.9639610121238997,2025-03
2025-04-06,laptops,4,3.75,133.33333333333331,-0.5488212999484424,2025-04
2025-04-13,laptops,4,3.75,133.33333333333331,-0.4472135954999519,2025-04
2025-04-20,laptops,3,3.75,100.0,-0.34641016151377,2025-04
2025-04-27,laptops,4,3.75,133.33333333333331,-0.2425356250363281,2025-04
2025-05-04,laptops,4,3.75,133.33333333333331,-0.13018891098082241,2025-05
2025-05-11,laptops,4,3.75,133.33333333333331,0.0,2025-05
2025-05-18,laptops,4,4.0,133.33333333333331,1.7320508075688403,2025-05
2025-05-25,laptops,4,4.0,133.33333333333331,1.7320508075688403,2025-05
2025-06-01,laptops,4,4.0,133.33333333333331,1.4320780207890353,2025-06
2025-06-08,laptops,4,4.0,133.33333333333331,1.2126781251816456,2025-06
2025-06-15,laptops,4,4.0,133.33333333333331,1.0690449676496732,2025-06
2025-06-22,laptops,4,4.0,133.33333333333331,0.9999999999999629,2025-06
2025-06-29,laptops,4,4.0,133.33333333333331,0.845154254728482,2025-06
2025-07-06,laptops,5,4.25,166.66666666666669,2.100420126041955,2025-07
2025-07-13,laptops,5,4.5,125.0,2.449489742783138,2025-07
2025-07-20,laptops,6,5.0,120.0,2.7141359333205335,2025-07
2025-07-27,laptops,7,5.75,116.66666666666667,2.716739497866495,2025-07
2025-08-03,laptops,5,5.75,71.42857142857143,2.0053120943495713,2025-08
2025-08-10,laptops,5,5.75,71.42857142857143,1.5954480704349285,2025-08
2025-08-17,laptops,5,5.5,71.42857142857143,1.057188279741847,2025-08
2025-08-24,laptops,5,5.0,83.33333333333334,0.2891574659831191,2025-08
2025-08-31,laptops,4,4.75,57.14285714285714,-0.15306919373065678,2025-08
2025-09-07,laptops,4,4.5,80.0,-0.6174170401587162,2025-09
2025-09-14,laptops,4,4.25,133.33333333333331,-1.0836567383657512,2025-09
2025-09-21,laptops,4,4.0,133.33333333333331,-1.4900280152529077,2025-09
2025-09-28,laptops,4,4.0,133.33333333333331,-1.3973122487802532,2025-09
2025-10-05,laptops,4,4.0,133.33333333333331,-1.2551673885913825,2025-10
2025-10-12,laptops,4,4.0,133.33333333333331,-1.07393096469626,2025-10
2025-10-19,laptops,4,4.0,133.33333333333331,-0.917985092043155,2025-10
2025-10-26,laptops,4,4.0,133.33333333333331,-0.7884298457197189,2025-10
2025-11-02,laptops,4,4.0,133.33333333333331,-0.6910947404650852,2025-11
2025-11-09,laptops,5,4.25,125.0,0.06311944030977902,2025-11
2025-11-16,laptops,5,4.5,100.0,1.2371791482634709,2025-11
2025-11-23,laptops,7,5.25,116.66666666666667,2.8337431666345614,2025-11
2025-11-30,laptops,6,5.75,120.0,2.5628464289109854,2025-11
2025-12-07,laptops,5,5.75,125.0,1.9115418895324403,2025-12
2025-12-14,laptops,4,5.5,100.0,1.2787240261820105,2025-12
2025-12-21,laptops,4,4.75,100.0,0.14973818705887015,2025-12
2020-12-20,sneakers,16,,,,2020-12
2020-12-27,sneakers,17,16.5,,,2020-12
2021-01-03,sneakers,14,15.666666666666666,,,2021-01
2021-01-10,sneakers,15,15.5,,,2021-01
2021-01-17,sneakers,15,15.25,,-1.0214658608739535,2021-01
2021-01-24,sneakers,14,14.5,,-1.5213463382317232,2021-01
2021-01-31,sneakers,14,14.5,,-1.1797640707764099,2021-01
2021-02-07,sneakers,13,14.0,,-1.4286118105037544,2021-02
2021-02-14,sneakers,14,13.75,,-1.3888481135706716,2021-02
2021-02-21,sneakers,15,14.0,,-0.9748694972747997,2021-02
2021-02-28,sneakers,16,14.5,,-0.3789404480472743,2021-02
2021-03-07,sneakers,17,15.5,,0.7569911643975584,2021-03
2021-03-14,sneakers,18,16.5,,1.6430456935653395,2021-03
2021-03-21,sneakers,20,17.75,,2.3568576184479757,2021-03
2021-03-28,sneakers,19,18.5,,2.1608946046776762,2021-03
2021-04-04,sneakers,18,18.75,,1.8026554647066484,2021-04
2021-04-11,sneakers,18,18.75,,1.4685763234883127,2021-04
2021-04-18,sneakers,18,18.25,,1.0218455063360703,2021-04
2021-04-25,sneakers,16,17.5,,0.5282884533963075,2021-04
2021-05-02,sneakers,17,17.25,,0.27959952747719774,2021-05
2021-05-09,sneakers,17,17.0,,-0.01350488458724227,2021-05
2021-05-16,sneakers,17,16.75,,-0.39867329651105715,2021-05
2021-05-23,sneakers,17,17.0,,-0.48191874977215426,2021-05
2021-05-30,sneakers,17,17.0,,-0.7614996105085873,2021-05
2021-06-06,sneakers,15,16.5,,-1.414213562373092,2021-06
2021-06-13,sneakers,15,16.0,,-1.6359164394811194,2021-06
2021-06-20,sneakers,15,15.5,,-1.751376937760862,2021-06
2021-06-27,sneakers,15,15.0,,-1.8510526570268846,2021-06
2021-07-04,sneakers,16,15.25,,-1.4310835055998634,2021-07
2021-07-11,sneakers,16,15.5,,-1.0344172736942892,2021-07
2021-07-18,sneakers,17,16.0,,-0.30426702724985233,2021-07
2021-07-25,sneakers,17,16.5,,0.4798081151232525,2021-07
2021-08-01,sneakers,17,16.75,,0.89795762722282,2021-08
2021-08-08,sneakers,18,17.25,,1.470406325847476,2021-08
2021-08-15,sneakers,18,17.5,,1.6285496348111341,2021-08
2021-08-22,sneakers,18,17.75,,1.6858906780068084,2021-08
2021-08-29,sneakers,16,17.5,,1.2135597524338368,2021-08
2021-09-05,sneakers,17,17.25,,0.8122555239237081,2021-09
2021-09-12,sneakers,17,17.0,,0.43508915118727026,2021-09
2021-09-19,sneakers,16,16.5,,-0.2962173907235678,2021-09
2021-09-26,sneakers,17,16.75,,-0.16457700466916064,2021-09
2021-10-03,sneakers,17,16.75,,-0.42717882885838043,2021-10
2021-10-10,sneakers,17,16.75,,-0.6749263711465175,2021-10
2021-10-17,sneakers,18,17.25,,0.4472135954999662,2021-10
2021-10-24,sneakers,15,16.75,,-0.8944271909999228,2021-10
2021-10-31,sneakers,15,16.25,,-1.732050807568891,2021-10
2021-11-07,sneakers,18,16.5,,-0.9805806756909315,2021-11
2021-11-14,sneakers,18,16.5,,-0.8793155726408357,2021-11
2021-11-21,sneakers,21,18.0,,2.545096473605131,2021-11
2021-11-28,sneakers,21,19.5,,2.8619203754287352,2021-11
2021-12-05,sneakers,19,19.75,,2.1773555369411843,2021-12
2021-12-12,sneakers,19,20.0,,1.8256751755455767,2021-12
2021-12-19,sneakers,18,19.25,112.5,1.067096235315046,2021-12
2021-12-26,sneakers,19,18.75,111.76470588235294,0.5915204817512785,2021-12
2022-01-02,sneakers,17,18.25,121.42857142857142,0.14126448280440373,2022-01
2022-01-09,sneakers,17,17.75,113.33333333333333,-0.2705922526895545,2022-01
2022-01-16,sneakers,16,17.25,106.66666666666667,-0.7039727218710755,2022-01
2022-01-23,sneakers,15,16.25,107.14285714285714,-1.4898027369829747,2022-01
2022-01-30,sneakers,16,16.0,114.28571428571428,-1.5790890938036581,2022-01
2022-02-06,sneakers,17,16.0,130.76923076923077,-1.4852413713358608,2022-02
2022-02-13,sneakers,18,16.5,128.57142857142858,-0.9882385261744195,2022-02
2022-02-20,sneakers,19,17.5,126.66666666666666,-0.1964517399729195,2022-02
2022-02-27,sneakers,19,18.25,118.75,0.48100079070647006,2022-02
2022-03-06,sneakers,19,18.75,111.76470588235294,1.1000327006257795,2022-03
2022-03-13,sneakers,21,19.5,116.66666666666667,1.710819556031408,2022-03
2022-03-20,sneakers,22,20.25,110.00000000000001,1.9363476906749388,2022-03
2022-03-27,sneakers,19,20.25,100.0,1.5992286866446597,2022-03
2022-04-03,sneakers,21,20.75,116.66666666666667,1.5591333360582553,2022-04
2022-04-10,sneakers,19,20.25,105.55555555555556,1.0698481119873409,2022-04
2022-04-17,sneakers,19,19.5,105.55555555555556,0.5222329678670948,2022-04
2022-04-24,sneakers,19,19.5,118.75,0.3922322702763687,2022-04
2022-05-01,sneakers,18,18.75,105.88235294117648,-0.3284170870849056,2022-05
2022-05-08,sneakers,19,18.75,111.76470588235294,-0.6337502222976361,2022-05
2022-05-15,sneakers,17,18.25,100.0,-1.4093301333681525,2022-05
2022-05-22,sneakers,18,18.0,105.88235294117648,-1.627769958101091,2022-05
2022-05-29,sneakers,17,17.75,100.0,-1.6304148021851763,2022-05
2022-06-05,sneakers,17,17.25,113.33333333333333,-1.6907202089562237,2022-06
2022-06-12,sneakers,18,17.5,120.0,-1.2272832054542488,2022-06
2022-06-19,sneakers,18,17.5,120.0,-1.0448270954223797,2022-06
2022-06-26,sneakers,16,17.25,106.66666666666667,-1.1568302868311249,2022-06
2022-07-03,sneakers,17,17.25,106.25,-1.0589684963133335,2022-07
2022-07-10,sneakers,18,17.25,112.5,-0.9299811099505513,2022-07
2022-07-17,sneakers,18,17.25,105.88235294117648,-0.8650040266112827,2022-07
2022-07-24,sneakers,18,17.75,105.88235294117648,0.22564684120325978,2022-07
2022-07-31,sneakers,19,18.25,111.76470588235294,1.7248861406313745,2022-07
2022-08-07,sneakers,19,18.5,105.55555555555556,2.1105794120442862,2022-08
2022-08-14,sneakers,20,19.0,111.11111111111111,2.3170487875309687,2022-08
2022-08-21,sneakers,19,19.25,105.55555555555556,2.017528818929535,2022-08
2022-08-28,sneakers,19,19.25,118.75,1.6081688022566822,2022-08
2022-09-04,sneakers,19,19.25,111.76470588235294,1.3270751774657517,2022-09
2022-09-11,sneakers,18,18.75,105.88235294117648,0.6076436202501978,2022-09
2022-09-18,sneakers,17,18.25,106.25,-0.10878565864408234,2022-09
2022-09-25,sneakers,18,18.0,105.88235294117648,-0.5629784083986583,2022-09
2022-10-02,sneakers,17,17.5,100.0,-1.3643820804812905,2022-10
2022-10-09,sneakers,18,17.5,105.88235294117648,-1.4685194996208804,2022-10
2022-10-16,sneakers,18,17.75,100.0,-1.076914299721979,2022-10
2022-10-23,sneakers,17,17.5,113.33333333333333,-1.2709778186044813,2022-10
2022-10-30,sneakers,19,18.0,126.66666666666666,-0.4798081151232505,2022-10
2022-11-06,sneakers,20,18.5,111.11111111111111,0.31189143077589976,2022-11
2022-11-13,sneakers,21,19.25,116.66666666666667,1.4347005815691454,2022-11
2022-11-20,sneakers,25,21.25,119.04761904761905,2.697318435465389,2022-11
2022-11-27,sneakers,22,22.0,104.76190476190477,2.3354590409679297,2022-11
2022-12-04,sneakers,21,22.25,110.5263157894737,1.893491243948357,2022-12
2022-12-11,sneakers,25,23.25,131.57894736842107,1.8616720400785258,2022-12
2022-12-18,sneakers,29,24.25,161.11111111111111,1.7968463252092324,2022-12
2022-12-25,sneakers,28,25.75,147.36842105263156,1.8553606202271196,2022-12
2023-01-01,sneakers,17,24.75,100.0,1.2555788662326812,2023-01
2023-01-08,sneakers,17,22.75,100.0,0.425685392856364,2023-01
2023-01-15,sneakers,17,19.75,106.25,-0.854624065752062,2023-01
2023-01-22,sneakers,16,16.75,106.66666666666667,-1.910183722889502,2023-01
2023-01-29,sneakers,17,16.75,106.25,-1.7113928450573943,2023-01
2023-02-05,sneakers,16,16.5,94.11764705882352,-1.5644281482592473,2023-02
2023-02-12,sneakers,17,16.5,94.44444444444444,-1.3180582031026682,2023-02
2023-02-19,sneakers,19,17.25,100.0,-0.9417449841527832,2023-02
2023-02-26,sneakers,19,17.75,100.0,-0.6840117283396977,2023-02
2023-03-05,sneakers,18,18.25,94.73684210526315,-0.43624347564640237,2023-03
2023-03-12,sneakers,19,18.75,90.47619047619048,-0.1712157436568725,2023-03
2023-03-19,sneakers,20,19.0,90.9090909090909,0.10856352093575936,2023-03
2023-03-26,sneakers,20,19.25,105.26315789473684,0.5638962526333939,2023-03
2023-04-02,sneakers,19,19.5,90.47619047619048,1.2696221085454644,2023-04
2023-04-09,sneakers,20,19.75,105.26315789473684,1.4812257933030417,2023-04
2023-04-16,sneakers,20,19.75,105.26315789473684,1.2421180068162287,2023-04
2023-04-23,sneakers,20,19.75,105.26315789473684,1.0580184237878922,2023-04
2023-04-30,sneakers,20,20.0,111.11111111111111,1.1195325828991616,2023-04
2023-05-07,sneakers,19,19.75,100.0,0.8043996665398455,2023-05
2023-05-14,sneakers,19,19.5,111.76470588235294,0.37796447300923164,2023-05
2023-05-21,sneakers,19,19.25,105.55555555555556,-0.25819888974716915,2023-05
2023-05-28,sneakers,18,18.75,105.88235294117648,-1.6681153124566848,2023-05
2023-06-04,sneakers,18,18.5,105.88235294117648,-2.0429916540260713,2023-06
2023-06-11,sneakers,18,18.25,100.0,-2.0302589045519213,2023-06
2023-06-18,sneakers,18,18.0,100.0,-1.8934001042267774,2023-06
2023-06-25,sneakers,17,17.75,106.25,-1.7562281598350493,2023-06
2023-07-02,sneakers,18,17.75,105.88235294117648,-1.4363696929192151,2023-07
2023-07-09,sneakers,17,17.5,94.44444444444444,-1.4347631301030963,2023-07
2023-07-16,sneakers,18,17.5,100.0,-1.212678125181655,2023-07
2023-07-23,sneakers,18,17.75,100.0,-0.7948935447959107,2023-07
2023-07-30,sneakers,18,17.75,94.73684210526315,-0.6767155423319449,2023-07
2023-08-06,sneakers,19,18.25,100.0,0.3244428422615106,2023-08
2023-08-13,sneakers,19,18.5,95.0,1.1941005027975737,2023-08
2023-08-20,sneakers,19,18.75,100.0,1.817109460778915,2023-08
2023-08-27,sneakers,19,19.0,100.0,1.9985201625793456,2023-08
2023-09-03,sneakers,19,19.0,100.0,1.634847782739123,2023-09
2023-09-10,sneakers,16,18.25,88.88888888888889,0.19477234678289834,2023-09
2023-09-17,sneakers,17,17.75,100.0,-0.7401349177750031,2023-09
2023-09-24,sneakers,18,17.5,100.0,-1.1274690420041946,2023-09
2023-10-01,sneakers,18,17.25,105.88235294117648,-1.468977445994981,2023-10
2023-10-08,sneakers,17,17.5,94.44444444444444,-1.0390328276549872,2023-10
2023-10-15,sneakers,17,17.5,94.44444444444444,-0.9754262200082248,2023-10
2023-10-22,sneakers,16,17.0,94.11764705882352,-1.5350021497077107,2023-10
2023-10-29,sneakers,15,16.25,78.94736842105263,-1.9576974192964975,2023-10
2023-11-05,sneakers,17,16.25,85.0,-1.5683030536490665,2023-11
2023-11-12,sneakers,18,16.5,85.71428571428571,-1.0971849041507953,2023-11
2023-11-19,sneakers,22,18.0,88.0,0.7676902260100607,2023-11
2023-11-26,sneakers,20,19.25,90.9090909090909,2.205520711315097,2023-11
2023-12-03,sneakers,18,19.5,85.71428571428571,1.9952524153967868,2023-12
2023-12-10,sneakers,19,19.75,76.0,1.7647647609759125,2023-12
2023-12-17,sneakers,17,18.5,58.620689655172406,0.613846182903955,2023-12
2023-12-24,sneakers,20,18.5,71.42857142857143,0.524142418360953,2023-12
2023-12-31,sneakers,17,18.25,100.0,0.2624319405407361,2023-12
2024-01-07,sneakers,16,17.5,94.11764705882352,-0.36740471675703057,2024-01
2024-01-14,sneakers,14,16.75,82.35294117647058,-0.9649437235137992,2024-01
2024-01-21,sneakers,15,15.5,93.75,-1.7986426208187754,2024-01
2024-01-28,sneakers,15,15.0,88.23529411764706,-1.8682571063385667,2024-01
2024-02-04,sneakers,16,15.0,100.0,-1.612207848071415,2024-02
2024-02-11,sneakers,16,15.5,94.11764705882352,-1.1117469624025045,2024-02
2024-02-18,sneakers,31,19.5,163.1578947368421,1.1803291796280508,2024-02
2024-02-25,sneakers,20,20.75,105.26315789473684,1.6903696038412204,2024-02
2024-03-03,sneakers,19,21.5,105.55555555555556,1.8011427158403446,2024-03
2024-03-10,sneakers,19,22.25,100.0,1.726088480727149,2024-03
2024-03-17,sneakers,19,19.25,95.0,0.4781482118300245,2024-03
2024-03-24,sneakers,19,19.0,95.0,0.3504383220252307,2024-03
2024-03-31,sneakers,18,18.75,94.73684210526315,0.2087760017995375,2024-03
2024-04-07,sneakers,18,18.5,90.0,0.05092065106881738,2024-04
2024-04-14,sneakers,19,18.5,95.0,-0.0544196700980759,2024-04
2024-04-21,sneakers,19,18.5,95.0,-0.2058467423981555,2024-04
2024-04-28,sneakers,20,19.0,100.0,-0.1519109050625508,2024-04
2024-05-05,sneakers,19,19.25,100.0,-0.2605250528594571,2024-05
2024-05-12,sneakers,19,19.25,100.0,-0.2425356250363376,2024-05
2024-05-19,sneakers,19,19.25,100.0,-0.14528654245843267,2024-05
2024-05-26,sneakers,19,19.0,105.55555555555556,-0.21657404091210686,2024-05
2024-06-02,sneakers,18,18.75,100.0,-0.5656854249492824,2024-06
2024-06-09,sneakers,18,18.5,100.0,-1.1931660907841797,2024-06
2024-06-16,sneakers,17,18.0,94.44444444444444,-2.0587350710762653,2024-06
2024-06-23,sneakers,16,17.25,94.11764705882352,-2.4780845168752803,2024-06
2024-06-30,sneakers,17,17.0,94.44444444444444,-2.09773579325397,2024-06
2024-07-07,sneakers,17,16.75,100.0,-1.8571428571428403,2024-07
2024-07-14,sneakers,18,17.0,100.0,-1.313064328597211,2024-07
2024-07-21,sneakers,18,17.5,100.0,-0.6622661785325121,2024-07
2024-07-28,sneakers,18,17.75,100.0,-0.28284271247461323,2024-07
2024-08-04,sneakers,20,18.5,105.26315789473684,0.6882472016116671,2024-08
2024-08-11,sneakers,20,19.0,105.26315789473684,1.377997244008226,2024-08
2024-08-18,sneakers,20,19.5,105.26315789473684,1.8075682843602752,2024-08
2024-08-25,sneakers,19,19.75,100.0,1.7659950182411568,2024-08
2024-09-01,sneakers,20,19.75,105.26315789473684,1.4954980851948723,2024-09
2024-09-08,sneakers,18,19.25,112.5,0.8981774262781361,2024-09
2024-09-15,sneakers,18,18.75,105.88235294117648,0.34796010286217444,2024-09
2024-09-22,sneakers,18,18.5,100.0,0.0,2024-09
2024-09-29,sneakers,17,17.75,94.44444444444444,-0.947027447620753,2024-09
2024-10-06,sneakers,18,17.75,105.88235294117648,-1.1382993006356474,2024-10
2024-10-13,sneakers,17,17.5,100.0,-1.4559642217432704,2024-10
2024-10-20,sneakers,18,17.5,112.5,-1.38325190286211,2024-10
2024-10-27,sneakers,16,17.25,106.66666666666667,-1.4147840014802688,2024-10
2024-11-03,sneakers,16,16.75,94.11764705882352,-1.5724511883444876,2024-11
2024-11-10,sneakers,18,17.0,100.0,-1.1220817071465548,2024-11
2024-11-17,sneakers,19,17.25,86.36363636363636,-0.7427813527081953,2024-11
2024-11-24,sneakers,24,19.25,120.0,1.6774842736586137,2024-11
2024-12-01,sneakers,21,20.5,116.66666666666667,2.4282702020127296,2024-12
2024-12-08,sneakers,20,21.0,105.26315789473684,2.139677036793668,2024-12
2024-12-15,sneakers,19,21.0,111.76470588235294,1.7051956801764125,2024-12
2024-12-22,sneakers,20,20.0,100.0,0.9051564552992779,2024-12
2024-12-29,sneakers,18,19.25,105.88235294117648,0.35640652942742956,2024-12
2025-01-05,sneakers,16,18.25,100.0,-0.32373367673101605,2025-01
2025-01-12,sneakers,15,17.25,107.14285714285714,-0.9464984152360916,2025-01
2025-01-19,sneakers,15,16.0,100.0,-1.5495447490213385,2025-01
2025-01-26,sneakers,16,15.5,106.66666666666667,-1.6431715801814524,2025-01
2025-02-02,sneakers,16,15.5,100.0,-1.4604095707579443,2025-02
2025-02-09,sneakers,16,15.75,100.0,-1.2031019390841216,2025-02
2025-02-16,sneakers,16,16.0,51.61290322580645,-0.9258200997725493,2025-02
2025-02-23,sneakers,18,16.5,90.0,-0.5677749739576671,2025-02
2025-03-02,sneakers,17,16.75,89.47368421052632,-0.31245730925756215,2025-03
2025-03-09,sneakers,19,17.5,100.0,0.3366735013283285,2025-03
2025-03-16,sneakers,18,18.0,94.73684210526315,0.9905489161914707,2025-03
2025-03-23,sneakers,20,18.5,105.26315789473684,1.6426303144407044,2025-03
2025-03-30,sneakers,19,19.0,105.55555555555556,1.8770759569403057,2025-03
2025-04-06,sneakers,18,18.75,100.0,1.409829903794792,2025-04
2025-04-13,sneakers,17,18.5,89.47368421052632,1.0226679824710987,2025-04
2025-04-20,sneakers,18,18.0,94.73684210526315,0.5067483528633947,2025-04
2025-04-27,sneakers,18,17.75,90.0,0.15911145683514433,2025-04
2025-05-04,sneakers,19,18.0,100.0,0.2567879562906152,2025-05
2025-05-11,sneakers,18,18.25,94.73684210526315,0.40482045237636055,2025-05
2025-05-18,sneakers,18,18.25,94.73684210526315,0.2547560838363846,2025-05
2025-05-25,sneakers,19,18.5,100.0,0.6123724356957715,2025-05
2025-06-01,sneakers,19,18.5,105.55555555555556,0.4850712500726498,2025-06
2025-06-08,sneakers,17,18.25,94.44444444444444,-0.3155972015488923,2025-06
2025-06-15,sneakers,17,18.0,100.0,-0.9179850920431168,2025-06
2025-06-22,sneakers,16,17.25,100.0,-2.3723210104755377,2025-06
2025-06-29,sneakers,16,16.5,94.11764705882352,-2.626029861166273,2025-06
2025-07-06,sneakers,17,16.5,100.0,-1.9582600973046107,2025-07
2025-07-13,sneakers,20,17.25,111.11111111111111,-0.7302967433402031,2025-07
2025-07-20,sneakers,21,18.5,116.66666666666667,0.9610744623271208,2025-07
2025-07-27,sneakers,24,20.5,133.33333333333331,2.3997593752222257,2025-07
2025-08-03,sneakers,23,22.0,114.99999999999999,2.4257985242478677,2025-08
2025-08-10,sneakers,20,22.0,100.0,1.844492481267735,2025-08
2025-08-17,sneakers,19,21.5,95.0,1.3150611096795002,2025-08
2025-08-24,sneakers,20,20.5,105.26315789473684,0.7103594110348557,2025-08
2025-08-31,sneakers,19,19.5,95.0,0.1657341580930078,2025-08
2025-09-07,sneakers,17,18.75,94.44444444444444,-0.24133103692306757,2025-09
2025-09-14,sneakers,19,18.75,105.55555555555556,-0.3175711275190137,2025-09
2025-09-21,sneakers,18,18.25,100.0,-0.7191949522280772,2025-09
2025-09-28,sneakers,18,18.0,105.88235294117648,-1.0397227775507216,2025-09
2025-10-05,sneakers,18,18.25,100.0,-1.0008173274760446,2025-10
2025-10-12,sneakers,17,17.75,100.0,-1.2454073713084666,2025-10
2025-10-19,sneakers,17,17.5,94.44444444444444,-1.1808227986871318,2025-10
2025-10-26,sneakers,16,17.0,100.0,-1.300150552464879,2025-10
2025-11-02,sneakers,17,16.75,106.25,-1.3430943522420054,2025-11
2025-11-09,sneakers,18,17.0,100.0,-1.1085306154508392,2025-11
2025-11-16,sneakers,20,17.75,105.26315789473684,-0.2389193429408469,2025-11
2025-11-23,sneakers,26,20.25,108.33333333333333,2.4345080136020143,2025-11
2025-11-30,sneakers,23,21.75,109.52380952380953,2.528102914801133,2025-11
2025-12-07,sneakers,19,22.0,95.0,2.0105894466989636,2025-12
2025-12-14,sneakers,19,21.75,100.0,1.5124611840559068,2025-12
2025-12-21,sneakers,19,20.0,95.0,0.5232045649263541,2025-12
